2003-10-22 12:06:24,-1.580753,0.256099,-0.069883,-0.376332,-0.447759,0.197070,0.597663,0.345235,0.000218,0.205299
2003-10-22 12:09:13,0.426105,-1.050553,-0.017040,0.270674,0.291754,0.093442,-0.279216,-0.137375,0.115307,-0.086179
2003-10-22 12:14:13,-0.705196,-0.234660,-1.096496,0.343858,-0.296493,0.159233,0.506107,0.165243,-0.394314,0.001809
2003-10-22 12:19:13,0.463758,-0.006647,-0.876009,0.227303,0.460937,-0.279980,0.873192,-0.003237,0.087057,0.880289
2003-10-22 12:24:13,-1.257186,0.231866,0.786388,-0.474761,0.307650,-0.428494,-0.176330,-0.374845,-0.526581,-0.179955
2003-10-22 12:29:13,-1.537652,0.168285,-0.100838,-0.499846,-0.481694,0.251414,0.638466,0.340931,-0.037432,0.186106
2003-10-22 12:34:13,-1.625103,1.116068,0.361326,0.450211,0.357116,-0.234823,0.102985,-0.044340,-0.035272,-0.032188
2003-10-22 12:39:13,-0.704610,-0.642919,0.727926,-0.703795,0.556140,0.366413,-0.028960,-0.224368,0.518420,0.031281
2003-10-22 12:44:13,-0.764340,-0.621780,0.665116,-0.785319,0.460843,0.332497,-0.036115,-0.201416,0.409341,0.079046
2003-10-22 12:49:13,-0.803208,-0.675315,0.684677,-0.844033,0.382744,0.318227,-0.075563,-0.192445,0.402118,0.181166
2003-10-22 12:54:13,-1.057439,-0.059856,-1.065798,0.200875,-0.671685,-0.040722,0.044214,0.177923,0.101943,0.069736
2003-10-22 12:59:13,-1.423231,-0.058911,0.093233,-0.814956,-0.293839,0.153396,0.348944,-0.051586,-0.158409,-0.110739
2003-10-22 13:04:13,-0.591300,0.067398,-1.215634,0.171035,-0.004824,-0.432747,0.627247,0.397834,-0.209567,0.306962
2003-10-22 13:09:13,-0.215277,-0.174627,-1.065754,0.333225,0.102405,-0.046060,0.708126,-0.007502,-0.094436,0.380776
2003-10-22 13:14:13,1.526142,0.132139,0.012546,-0.578406,0.235329,-1.121159,0.055741,0.333534,0.022189,-0.340735
2003-10-22 13:19:13,-1.029188,-0.329380,0.491440,-0.550747,-0.499184,-0.057810,-0.201064,0.079073,-0.464428,0.032827
2003-10-22 13:24:13,-1.228189,-0.245839,0.464493,-0.796313,-0.328561,-0.141519,-0.031104,0.085254,-0.244957,-0.183194
2003-10-22 13:29:13,-0.938910,0.532177,-0.431893,0.886581,0.061050,0.002401,0.080971,0.325288,-0.152022,0.283550
2003-10-22 13:34:13,-1.592952,1.027113,0.347016,0.580030,0.042891,-0.068669,-0.063195,0.182840,0.183270,0.117121
2003-10-22 13:39:13,0.325653,-1.023329,0.081123,0.223399,0.417891,0.224494,0.053745,-0.091605,-0.135951,0.154088
2003-10-22 13:44:13,-0.619052,0.388359,-0.664016,1.161573,-0.018952,0.039357,-0.212121,0.216202,-0.133216,-0.009293
2003-10-22 13:49:13,-1.271576,1.383150,0.835192,0.661271,0.583666,-0.049722,-0.484732,-0.187720,0.066969,-0.130980
2003-10-22 13:54:13,-0.445822,-0.494263,0.404285,-0.379642,-0.760306,-0.440227,-0.735493,0.376513,-0.126128,0.281881
2003-10-22 13:59:13,1.593332,0.467841,0.056401,-0.275121,-0.127198,-0.999895,0.328998,0.182105,0.576282,-0.440495
2003-10-22 14:04:13,-1.602267,1.349420,0.460613,0.706549,0.509729,-0.404513,-0.052854,0.005672,0.090514,-0.134406
2003-10-22 14:09:13,0.204957,-0.838889,0.268283,0.100280,-0.371500,-0.187498,-0.665172,0.335749,-0.184042,0.591098
2003-10-22 14:14:13,0.238492,-0.307114,-0.866851,-0.437598,0.685248,-0.590981,0.374324,-0.195370,0.086152,0.196407
2003-10-22 14:19:13,-1.349399,0.188755,-0.697120,-0.062196,-0.497698,-0.145128,0.113268,0.155477,0.153010,0.135142
2003-10-22 14:24:13,-0.578782,-0.752660,-0.555974,-0.338124,-0.135074,0.000326,-0.422099,-0.217074,0.196274,0.645011
2003-10-22 14:29:13,-1.015320,0.228772,-0.840764,0.534711,-0.612503,-0.020015,-0.272891,0.278915,0.096574,0.312452
2003-10-22 14:34:13,-1.361681,-0.225736,0.197938,-0.950807,-0.155678,0.128009,0.237775,-0.151872,-0.186727,0.006657
2003-10-22 14:39:13,-1.081307,1.203816,0.148034,0.898235,0.367408,-0.379073,-0.946914,-0.336272,0.215580,-0.135831
2003-10-22 14:44:13,-1.083800,1.438867,0.786029,0.623245,0.771033,-0.030917,-0.263357,-0.040738,-0.186065,0.358603
2003-10-22 14:49:13,-1.087932,-0.341469,-0.348260,-0.709983,-0.195221,-0.189344,-0.307772,-0.409147,-0.013984,0.014950
2003-10-22 14:54:13,1.635209,0.276867,0.153055,-0.010237,-0.193635,-0.553115,0.319405,-0.163228,0.712031,0.125033
2003-10-22 14:59:13,-0.307896,-0.547060,0.850192,-0.307182,-0.552681,-0.096928,-0.442205,0.477909,-0.377459,0.607869
2003-10-22 15:04:13,-1.122454,1.388036,0.863015,0.625654,0.660372,0.061656,-0.391660,-0.183833,-0.127215,0.129096
2003-10-22 15:09:13,-0.392074,-0.773827,-0.015142,-0.105411,0.586969,0.434848,0.631576,-0.165001,-0.494398,-0.101103
2003-10-22 15:14:13,0.036395,-0.863896,-0.538399,0.440278,0.499108,0.369937,0.241238,0.046811,0.043015,0.522752
2003-10-22 15:19:13,0.542843,-0.820170,0.444562,0.181197,-0.520578,-0.273888,-0.643502,0.177992,0.095305,0.010411
2003-10-22 15:24:13,-0.272189,-0.541108,0.541616,-0.376929,-0.643502,-0.389027,-0.850452,0.341807,-0.026974,0.435416
2003-10-22 15:29:13,-0.677956,0.188186,-1.169746,0.366029,0.141265,-0.503761,0.604933,0.416102,-0.223820,0.249817
2003-10-22 15:37:48,-0.540574,-0.131032,-1.264336,0.245892,-0.182996,-0.115790,0.575736,0.353425,-0.299458,0.234234
2003-10-22 15:44:13,-1.602254,1.010028,0.236661,0.219170,0.505264,-0.399412,0.367905,-0.126396,-0.240408,0.227484
2003-10-22 15:54:13,-1.665682,1.309360,0.512817,0.732334,0.463331,-0.277021,-0.087737,-0.022179,-0.003835,0.090375
2003-10-22 16:04:13,-1.698016,0.682543,0.242605,0.214139,-0.274303,0.154601,0.205969,0.453732,-0.002958,0.568184
2003-10-22 16:14:13,1.271080,0.556524,0.176573,-0.601869,0.001111,-0.751455,-0.248874,0.318251,-0.728680,-0.080639
2003-10-22 16:24:13,-0.829898,-0.050110,-0.135528,0.563769,0.153064,0.515640,0.900278,0.446510,-0.348884,0.212377
2003-10-22 16:34:13,-1.036391,0.437539,-0.647144,0.648347,-0.443020,-0.089802,-0.529743,0.166011,-0.020039,0.419500
2003-10-22 16:44:13,-1.414559,-0.049846,0.148864,-0.711762,-0.294335,0.234188,0.378739,0.143696,-0.079198,0.321030
2003-10-22 16:54:13,-0.222745,-0.419793,-0.915895,-0.313351,0.385941,-0.515474,0.096293,-0.137993,-0.273454,-0.216977
2003-10-22 17:04:13,0.990073,-0.580128,0.045091,0.021054,0.301497,-0.602362,-0.187013,1.151078,0.393595,-0.134435
2003-10-22 17:14:13,-1.310379,0.585556,-0.476600,0.092649,0.135091,-0.473899,0.114448,-0.194126,-0.097599,0.093264
2003-10-22 17:19:38,0.561308,-1.099658,0.244558,0.357002,0.238635,-0.013889,-0.326511,0.226970,-0.383063,0.392322
2003-10-22 17:24:13,-1.378576,1.430732,0.843735,0.751438,0.650062,-0.066867,-0.425608,-0.167488,-0.031205,0.162936
2003-10-22 17:34:13,1.328652,0.227246,0.227024,0.172951,-0.544891,-0.287548,0.130926,-0.702519,-0.203804,0.154480
2003-10-22 17:44:13,-1.124290,-0.039065,-1.056101,0.244213,-0.647736,-0.080766,0.033877,0.137445,-0.031223,0.305318
2003-10-22 17:54:13,0.005116,-0.260982,-1.056961,0.122125,0.365335,-0.297130,0.359645,-0.320209,-0.154154,0.110634
2003-10-22 18:04:13,1.127623,0.588612,-0.206310,0.389575,-0.142634,1.036045,-0.125899,-0.489514,-0.312434,0.111817
2003-10-22 18:14:13,-1.092923,1.373003,0.840184,0.508038,0.530612,0.106593,-0.558477,-0.194790,0.064369,-0.289975
2003-10-22 18:24:13,-0.362077,-0.839733,-0.535508,0.030334,0.275442,0.069231,-0.035153,-0.302623,-0.204162,0.255189
2003-10-22 18:34:13,-1.014461,-0.486567,0.557948,-0.909660,0.139872,0.193574,-0.187237,-0.214345,0.310953,0.121867
2003-10-22 18:44:13,-1.677645,1.284649,0.522190,0.715895,0.429439,-0.250831,-0.047808,-0.020496,0.010624,0.087922
2003-10-22 18:54:13,-1.334383,-0.265985,0.405531,-1.024941,-0.033532,0.109230,0.114816,-0.331601,-0.257817,0.117474
2003-10-22 19:04:13,-0.853690,-0.547664,-0.854415,-0.357771,-0.415585,-0.111845,-0.224460,-0.344189,-0.074684,0.046962
2003-10-22 19:14:13,-1.275835,1.437821,0.664750,0.704785,0.767493,-0.169559,-0.120109,0.009351,-0.244219,0.539542
2003-10-22 19:24:13,1.168153,-0.136362,0.416677,0.450886,-0.497995,0.026954,0.122799,-0.461955,-0.442835,0.069812
2003-10-22 19:34:13,-1.124066,0.386349,-0.702139,0.591544,-0.377876,-0.148638,-0.247320,0.031173,0.105276,0.237239
2003-10-22 19:44:13,-0.284282,-0.720022,0.109260,0.201544,0.575620,0.612330,0.590704,0.232171,0.064955,0.487763
2003-10-22 19:54:13,0.083197,-1.054302,-0.416757,0.107686,0.575798,0.194671,-0.142748,-0.286143,-0.025514,0.171402
2003-10-22 20:04:13,0.378889,-0.659367,0.406547,0.066632,-0.321732,-0.269686,-0.404522,-0.249205,-0.118565,0.071138
2003-10-22 20:14:13,-1.467874,0.467773,0.333778,-0.335003,0.311653,-0.115523,0.230990,-0.246821,-0.194528,0.043727
2003-10-22 20:24:13,0.839101,-0.784322,0.112518,0.188515,0.354840,-0.483307,-0.080052,0.711471,-0.214409,0.595232
2003-10-22 20:34:13,-1.158238,-0.349086,0.025168,-0.911429,-0.177378,0.060094,-0.113368,-0.274813,-0.132189,0.105077
2003-10-22 20:44:13,0.257937,-0.670459,-0.622798,0.003830,0.810396,-0.136020,0.343804,0.193469,0.181653,0.434333
2003-10-22 20:54:13,-0.165474,-0.235392,-1.130927,0.237533,0.312229,-0.176674,0.847265,0.577119,0.026578,0.206509
2003-10-22 21:04:13,-1.451671,-0.031819,0.084135,-0.776591,-0.272834,0.137896,0.382096,-0.019292,-0.169401,-0.072101
2003-10-22 21:14:13,-1.059156,-0.161670,-0.266844,-0.633986,0.065532,-0.335184,-0.307393,-0.580845,-0.093590,-0.275356
2003-10-22 21:24:13,-1.410891,1.398780,0.756529,0.712046,0.546063,-0.127161,-0.476251,-0.115679,0.031164,-0.030766
2003-10-22 21:34:13,0.709727,-0.282528,1.047634,0.007137,-0.018143,-0.140186,0.441000,-0.007097,-0.643002,0.442445
2003-10-22 21:44:13,-0.489275,-0.665887,-0.696101,-0.092815,0.102886,-0.019746,-0.057124,-0.414221,-0.575374,-0.063051
2003-10-22 21:54:13,-1.024485,-0.117023,-1.009324,-0.002758,-0.688580,0.015205,0.094419,0.143983,-0.082021,0.343412
2003-10-22 22:04:13,-0.993510,0.063104,-0.958205,0.284181,-0.703275,-0.016245,-0.140844,0.251623,0.067890,0.164408
2003-10-22 22:14:13,-1.506782,0.435972,0.373060,-0.247972,0.176872,-0.104027,0.154762,-0.346481,-0.253601,0.132373
2003-10-22 22:24:13,-1.297205,0.528886,-0.556858,0.508539,-0.182839,-0.263355,-0.124368,-0.153846,0.069125,0.274865
2003-10-22 22:34:13,-1.215792,1.358994,0.859256,0.575323,0.553276,0.024794,-0.512497,-0.192387,-0.026163,-0.011792
2003-10-22 22:44:13,1.432105,0.028714,0.283020,-0.090285,-0.037137,-0.974990,0.301012,-0.015808,-0.385607,0.493238
2003-10-22 22:54:13,-1.666068,0.306709,-0.007046,-0.362252,-0.357281,0.190425,0.617791,0.341676,-0.178431,0.492657
2003-10-22 23:04:13,0.745704,-0.319366,1.033135,0.211828,-0.286971,-0.023063,0.579054,-0.091688,-0.957786,0.326076
2003-10-22 23:14:13,-1.485965,0.319227,-0.006699,-0.270203,-0.508510,0.256304,0.427132,0.454575,0.045835,0.212301
2003-10-22 23:24:13,-0.034651,-0.828351,-0.402788,0.339712,0.510881,0.399125,0.264628,0.034817,0.149609,0.431103
2003-10-22 23:34:13,0.638238,-1.008242,0.315869,0.449997,0.048394,-0.053735,-0.383644,0.355080,-0.285331,0.221383
2003-10-22 23:44:13,1.453536,0.023433,0.262434,-0.205415,-0.008047,-1.007918,0.200965,-0.098902,-0.332218,0.590168
2003-10-22 23:54:13,1.731328,0.819824,-0.075051,-0.171180,-0.238713,0.019310,0.167303,-0.160570,0.276688,0.195310
2003-10-23 00:04:13,-0.740276,-0.559005,-0.816456,-0.399125,-0.408662,-0.125168,-0.392736,-0.341497,0.031178,-0.244071
2003-10-23 00:14:13,-1.600619,0.858855,0.250000,0.286073,0.098321,-0.084243,0.179052,0.077336,0.060725,0.191339
2003-10-23 00:24:13,-0.271557,-0.893439,0.458909,-0.239480,0.803940,0.546594,0.373389,-0.152256,0.001051,-0.006952
2003-10-23 00:34:13,-0.356118,-0.254639,-0.821804,0.816202,0.061060,0.328320,0.490319,0.291087,-0.118511,0.025531
2003-10-23 00:44:13,-1.096492,-0.095864,-0.868771,-0.048517,-0.660720,0.106566,0.252061,0.168053,-0.146367,0.424616
2003-10-23 00:54:13,-1.598276,0.258313,-0.080465,-0.354486,-0.477751,0.232134,0.582226,0.380823,-0.000799,0.254532
2003-10-23 01:04:13,-0.338913,-0.832353,0.847174,-0.521691,0.538919,0.382179,0.167379,-0.026702,0.173479,0.187617
2003-10-23 01:14:13,1.528826,0.489956,0.108388,-0.019354,-0.245703,-0.409032,0.391950,-0.282875,0.581209,0.649002
2003-10-23 01:24:13,-1.014448,0.081214,-0.917068,0.286470,-0.651239,-0.033294,-0.117815,0.211469,-0.035589,0.350089
2003-10-23 01:34:13,-1.585938,0.463925,0.053661,-0.109058,-0.259069,0.094336,0.442651,0.259828,0.101880,0.091046
2003-10-23 01:44:13,0.367293,-1.122442,0.195603,0.227253,0.194822,-0.060781,-0.361173,0.168708,-0.213034,0.277928
2003-10-23 01:54:13,-1.601894,0.809307,0.284629,0.343847,-0.178899,0.058749,0.071272,0.393253,0.159728,0.268105
2003-10-23 02:04:13,-1.020546,-0.111741,-1.012305,0.006532,-0.673871,0.026909,0.126466,0.114604,-0.027574,0.151848
2003-10-23 02:14:13,1.357810,1.569481,-0.613827,-0.577098,0.412417,0.683062,-0.602639,0.299912,-0.802966,0.609847
2003-10-23 02:24:13,-1.334725,0.982448,-0.290660,0.647193,0.210871,-0.506988,-0.294784,-0.181083,0.051560,0.043681
2003-10-23 02:34:13,-1.502069,0.167308,-0.080475,-0.497306,-0.499548,0.226771,0.591546,0.302269,0.081501,-0.043367
2003-10-23 02:44:13,0.586101,-0.663638,0.845018,-0.045804,0.505518,-0.203463,0.346807,0.858932,-0.437160,0.658376
2003-10-23 02:54:13,-1.441324,-0.021096,0.170102,-0.682111,-0.295144,0.255598,0.391831,0.129361,-0.098322,0.402313
2003-10-23 03:04:13,-1.279680,0.830509,-0.333546,0.437105,0.318860,-0.452436,-0.079115,-0.320330,-0.069640,0.154788
2003-10-23 03:14:13,-1.100660,0.178115,-0.888909,0.383137,-0.482739,-0.115835,-0.020132,0.086313,-0.009242,0.411118
2003-10-23 03:24:13,1.357885,0.142231,0.247378,0.254720,-0.288237,-0.160651,0.208251,0.016471,0.494596,0.148708
2003-10-23 03:34:13,-0.682076,-0.632376,-0.142104,-0.362084,0.122858,0.323965,0.433043,-0.262363,-0.624656,-0.293457
2003-10-23 03:44:13,-1.556196,0.404283,0.041208,-0.199910,-0.426007,0.219749,0.366973,0.449144,-0.023317,0.330656
2003-10-23 03:54:13,0.187764,-1.070085,-0.268834,0.215227,0.729421,0.277513,-0.113462,-0.365722,0.089429,0.112881
2003-10-23 04:04:13,-1.567686,0.252441,-0.035249,-0.464348,-0.352337,0.125549,0.570665,0.261367,-0.012904,0.068909
2003-10-23 04:14:13,-1.568075,1.300171,0.554999,0.680665,0.478762,-0.205472,-0.146704,-0.044811,-0.047794,0.208253
2003-10-23 04:24:13,1.199497,0.031872,-0.061004,-0.240961,0.156456,-0.689659,0.496073,-0.803503,-0.301627,0.371797
2003-10-23 04:34:13,-0.379122,-0.076012,-0.720601,1.156617,0.176383,0.264895,0.292479,0.311816,-0.062378,0.125665
2003-10-23 04:44:13,-1.573914,0.576528,0.152644,0.084638,-0.307730,0.130548,0.307246,0.381213,0.052738,0.327757
2003-10-23 04:54:13,-1.325458,0.050333,-0.409345,-0.193004,-0.537890,0.299918,0.571753,0.321315,-0.249141,0.427158
2003-10-23 05:04:13,0.417033,-1.031408,0.059924,0.285690,0.390587,0.213596,-0.001512,-0.056887,-0.065777,0.104236
2003-10-23 05:14:13,-0.832204,0.035929,-0.854099,0.638125,-0.282923,0.120417,0.255250,0.288384,-0.237722,0.098647
2003-10-23 05:24:13,-1.404082,1.384754,0.746816,0.687433,0.520672,-0.089502,-0.462607,-0.109001,0.011467,-0.030496
2003-10-23 05:34:13,-0.401727,-0.419045,-1.012152,0.596001,0.045020,0.241275,0.655618,0.215415,-0.183412,0.024433
2003-10-23 05:44:13,-1.012106,0.986189,-0.022397,0.973294,0.035816,-0.021847,-0.823728,-0.106489,0.012463,0.345620
2003-10-23 05:54:13,-1.361968,1.415416,0.829046,0.720310,0.607886,-0.033087,-0.441284,-0.155499,-0.027125,0.128788
2003-10-23 06:04:13,-0.357297,-0.434986,-0.980455,0.652973,0.109846,0.291362,0.679417,0.175976,-0.177131,-0.020117
2003-10-23 06:14:13,-0.964731,-0.515361,0.564064,-0.976613,0.159242,0.199075,-0.172677,-0.208279,0.254966,0.234248
2003-10-23 06:24:13,-1.555087,1.142661,0.404387,0.501343,0.514231,-0.222985,0.112930,-0.160016,-0.120658,0.260982
2003-10-23 06:34:13,0.924865,-0.737497,0.391046,0.619533,-0.230677,-0.197865,-0.149951,0.102286,-0.442320,-0.267740
2003-10-23 06:44:13,1.650513,1.095939,-0.170915,-0.381705,-0.197326,0.148518,-0.092038,-0.179619,0.119097,0.340654
2003-10-23 06:54:13,-0.699278,0.338253,-0.798116,1.159962,-0.087721,-0.012409,-0.051066,0.276228,-0.195206,0.153011
2003-10-23 07:04:13,0.562325,-1.020696,0.351582,0.324383,0.034575,-0.046770,-0.355728,0.289478,-0.246670,0.189081
2003-10-23 07:14:13,-0.979706,-0.230211,-0.864458,0.027887,-0.463689,-0.115391,-0.165667,-0.051506,0.019591,0.230639
2003-10-23 07:24:13,-0.128899,-0.871154,-0.433792,-0.089422,0.325280,0.115086,-0.269235,-0.380911,-0.133866,0.075092
2003-10-23 07:34:13,1.385711,0.448817,0.198792,-0.401782,0.062474,-0.390855,-0.037555,0.093275,-0.791751,0.428814
2003-10-23 07:44:13,-0.587109,-0.359788,-0.772775,0.493025,0.080370,0.281859,0.706152,0.185373,-0.127848,0.180054
2003-10-23 07:54:13,-0.144886,-0.237473,-1.147699,0.278346,0.297038,-0.137666,0.844919,0.539740,0.028875,0.099303
2003-10-23 08:04:13,1.395882,-0.028949,0.116698,-0.229869,0.018371,-1.014842,0.258134,-0.366305,-0.212393,0.187611
2003-10-23 08:14:13,-1.356552,-0.211885,0.320326,-0.907741,-0.036116,0.023667,0.012112,-0.311385,-0.190804,-0.000598
2003-10-23 08:24:13,-0.157517,-0.911174,0.288772,-0.140370,0.848913,0.546737,0.425258,-0.131723,-0.089854,0.118124
2003-10-23 08:34:13,1.716589,0.997348,-0.185586,-0.617055,-0.019590,-0.233756,-0.313549,0.492597,0.013336,-0.623691
2003-10-23 08:44:13,1.385283,1.689765,-0.572555,-0.720221,0.592589,0.697399,-0.547165,0.777776,-0.587060,-0.089677
2003-10-23 08:54:13,0.290750,-1.070630,0.187431,0.131076,0.260389,0.147811,-0.335489,0.144136,-0.097003,0.262002
2003-10-23 09:04:13,-1.653064,1.240414,0.500357,0.673515,0.443626,-0.261900,0.001892,0.005237,-0.106083,0.304969
2003-10-23 09:14:13,1.461536,1.375187,-0.504270,-0.419098,0.138571,0.528865,-0.309930,-0.019315,-0.185093,0.165085
2003-10-23 09:24:13,0.446777,-0.959987,0.580807,0.286711,-0.027571,0.004633,-0.229328,0.437504,-0.342816,0.149757
2003-10-23 09:34:13,1.164783,-0.005304,0.113183,-0.245577,0.234036,-0.617679,0.730002,-0.480983,-0.295658,0.269116
2003-10-23 09:44:13,-0.688087,-0.116011,-1.025337,0.616394,-0.352453,0.113717,0.304918,0.254144,-0.343438,0.140925
2003-10-23 09:54:13,-1.341833,0.969542,0.216394,0.851781,0.051591,-0.022141,-0.292902,0.073662,0.041709,0.105988
2003-10-23 10:04:13,-1.607682,0.653340,0.088724,-0.104889,0.166729,-0.143696,0.501754,-0.065783,-0.250321,0.185296
2003-10-23 10:14:13,-1.423937,-0.095515,0.107218,-0.785439,-0.318089,0.165977,0.337350,-0.050797,-0.142975,-0.058830
2003-10-29 14:39:46,0.172892,-0.043500,1.352327,-0.247415,-0.496734,0.308075,0.006849,0.183815,0.383784,-0.330551
2003-10-29 14:49:46,0.719313,-0.603652,0.468660,0.301085,-0.098497,-0.133101,-0.008377,0.039021,-0.552296,0.275113
2003-10-29 14:59:46,1.110356,-0.399433,0.423459,0.487329,-0.421278,-0.342318,-0.006027,-0.360504,-0.520185,-0.392534
2003-10-29 15:09:46,-0.727789,-0.178514,-1.083727,0.445693,-0.289109,0.094768,0.474036,0.165961,-0.297515,-0.136030
2003-10-29 15:19:46,-0.980258,-0.127397,-1.103257,0.084242,-0.723550,-0.068440,0.036715,0.086234,0.131107,-0.135281
2003-10-29 15:29:46,-0.580014,-0.548303,0.543177,-0.392246,-0.250744,-0.035772,-0.547070,0.130704,-0.020338,0.055022
2003-10-29 15:39:46,1.504175,1.109839,-0.397542,-0.194001,0.093144,0.292429,0.167834,-0.361443,0.062942,0.379413
2003-10-29 15:49:46,1.728405,0.584469,0.059084,-0.345432,-0.048690,-0.836960,0.328494,0.158924,0.241033,-0.429834
2003-10-29 15:59:46,-0.547535,-0.349627,0.464718,-0.389869,-0.847000,-0.184592,-0.291328,0.324728,-0.501044,-0.290445
2003-10-29 16:09:46,-0.567809,-0.096884,-1.221264,0.235627,-0.098701,-0.076806,0.428591,0.600955,-0.009842,-0.936486
2003-10-29 16:19:46,-1.225787,-0.052042,0.346185,-0.777870,0.104991,-0.053223,-0.071297,-0.463814,-0.023320,-0.426693
2003-10-29 16:29:46,-0.468353,-0.740995,-0.343869,-0.380409,-0.064037,-0.036618,-0.741617,-0.426604,0.325110,0.094264
2003-10-29 16:39:46,-0.990000,-0.138092,-0.986309,-0.045442,-0.734900,0.074737,0.135176,0.127798,0.083863,-0.094280
2003-10-29 16:49:46,-1.582441,0.846768,0.234579,0.176905,0.142301,-0.191985,0.209377,-0.015507,0.061531,-0.390347
2003-10-29 16:59:46,0.791145,-0.918463,0.386752,0.450101,-0.202368,-0.100092,-0.209875,0.239542,-0.287396,-0.208248
2003-10-29 17:09:46,0.839575,-0.272169,0.131636,0.557560,-0.779172,0.363817,-0.026884,-0.013774,0.470315,-0.575157
2003-10-29 17:19:46,-0.273518,-0.451056,0.470306,-0.304404,-0.609955,-0.451713,-0.911599,0.306812,0.209932,-0.001128
2003-10-29 17:29:46,-1.006676,-0.474519,0.545122,-0.936725,0.115416,0.191536,-0.175541,-0.246087,0.276471,0.077054
2003-10-29 17:39:46,0.289140,-0.843669,0.300449,0.113793,-0.283863,-0.178384,-0.765787,0.251797,0.200877,0.104916
2003-10-29 17:49:46,0.600792,-0.962108,0.289312,0.548227,0.038873,-0.077390,-0.421276,0.357400,-0.141262,-0.068815
2003-10-29 17:59:46,-0.233668,0.115725,0.948896,-0.196308,-0.152305,0.749866,-0.095279,0.285824,0.946671,-0.151757
2003-10-29 18:09:46,-0.426727,-0.666172,-0.791445,-0.134152,-0.049634,0.027930,-0.122743,-0.384348,-0.335080,-0.530833
2003-10-29 18:19:46,1.561154,0.955193,-0.292613,-0.082172,-0.177300,0.093457,0.174093,-0.400698,0.386500,-0.046964
2003-10-29 18:29:46,0.727292,-0.711125,0.398924,0.474230,-0.430601,-0.204168,-0.354652,0.046425,-0.206995,-0.342733
2003-10-29 18:39:46,1.217727,-0.079072,0.287326,0.167929,-0.333366,-0.664972,0.059209,-0.573606,-0.380670,-0.104136
2003-10-29 18:49:46,0.402966,-0.921234,0.873748,0.227710,0.250947,0.208665,0.055320,0.436738,-0.378964,-0.024333
2003-10-29 18:59:46,0.040264,-0.840293,0.657644,0.037477,-0.207735,0.113512,0.109026,0.545621,-0.494595,-0.368648
2003-10-29 19:09:46,-1.140402,-0.153582,-0.482260,-0.563752,-0.433410,-0.085031,-0.111899,-0.178879,0.092014,-0.290795
2003-10-29 19:19:46,0.083769,-1.039366,-0.523069,0.262206,0.594496,0.227393,0.093575,-0.248399,0.150970,-0.243142
2003-10-29 19:29:46,-1.493385,0.721391,0.357880,-0.005497,0.540475,-0.275976,0.234065,-0.447721,-0.103492,-0.386611
2003-10-29 19:39:46,-0.142586,-0.937064,-0.247445,-0.250674,0.321091,0.104869,-0.566833,-0.433265,0.556484,-0.096708
2003-10-29 19:49:46,-1.240200,-0.019553,0.355043,-0.840076,0.193265,-0.088758,-0.031026,-0.453770,-0.024081,-0.731070
2003-10-29 19:59:46,1.376701,1.090026,-0.398705,-0.084662,-0.133968,0.859123,-0.433396,-0.425597,-0.342373,-0.034425
2003-10-29 20:09:46,-1.358665,-0.044947,0.036773,-0.756357,-0.310779,0.087019,0.234823,-0.066182,0.074284,-0.543436
2003-10-29 20:19:46,0.678525,-0.728051,0.043464,0.489793,0.043612,0.036188,0.118633,-0.326435,-0.088247,-0.609709
2003-10-29 20:29:46,-0.107724,-0.937131,0.312166,-0.058456,0.773742,0.516718,0.248589,-0.236344,0.121076,-0.283273
2003-10-29 20:39:46,-0.594505,-0.276683,-1.189808,0.388309,-0.342685,0.117034,0.445227,0.153112,-0.242911,-0.313115
2003-10-29 20:49:46,1.282436,0.106873,-0.183669,-0.316265,0.183820,-0.850106,0.436981,-0.604632,-0.058785,0.171650
2003-10-29 20:59:46,1.698494,0.974776,-0.020881,-0.488444,-0.039219,-0.498485,0.143617,0.454652,0.658183,-0.820595
2003-10-29 21:09:46,-0.021040,-0.879324,0.573642,0.108006,0.373613,0.327354,0.125791,0.322058,-0.230181,0.272086
2003-10-29 21:19:46,-1.056611,0.747936,-0.592466,1.063404,-0.164206,-0.332890,-0.605121,-0.055652,0.258898,-0.071644
2003-10-29 21:29:46,-1.108073,-0.203475,-0.574340,-0.576767,-0.477387,-0.145078,-0.090511,-0.174921,0.163924,-0.401530
2003-10-29 21:39:46,0.259289,-0.507013,1.066689,0.014576,-0.471229,-0.014758,-0.114647,0.188516,-0.148277,-0.170123
2003-10-29 21:49:46,0.147739,-0.915425,-0.568458,0.433408,0.478125,0.332371,0.105856,0.023026,0.389695,-0.112271
2003-10-29 21:59:46,1.590304,0.410663,0.171897,-0.031697,-0.246814,-0.822709,0.381869,-0.257531,0.326035,0.058238
2003-10-29 22:09:46,0.944987,-0.642459,0.261907,0.657863,-0.347071,0.071143,-0.178957,0.170404,0.455435,-0.533011
2003-10-29 22:19:46,0.693941,-0.856696,-0.035689,0.367963,0.123414,0.067890,0.129122,-0.421247,-0.124410,-0.482666
2003-10-29 22:29:46,-1.096109,0.569207,-0.588130,0.781550,-0.253487,-0.228934,-0.322205,-0.071166,0.101983,0.033551
2003-10-29 22:39:46,0.560226,-0.634663,0.931911,0.355612,-0.124501,0.088046,0.325153,0.254988,-0.516694,-0.472349
2003-10-29 22:49:46,1.441707,0.166623,0.108490,-0.173472,-0.164077,-1.100808,0.220832,-0.238536,-0.216823,0.005508
2003-10-29 22:59:46,-1.257340,0.274829,0.426687,-0.659758,0.565222,-0.325887,-0.019070,-0.583014,-0.171277,-0.592158
2003-10-29 23:09:46,1.480134,0.066749,0.137516,0.008763,-0.225973,-0.947001,0.113595,-0.392904,-0.274158,-0.113613
2003-10-29 23:19:46,0.973005,0.031099,0.934801,-0.075982,-0.323712,-0.302614,0.484030,-0.334393,-0.646207,0.139750
2003-10-29 23:29:46,-1.148115,0.054795,0.621913,-0.471226,0.711656,-0.234223,-0.223336,-0.564632,0.255035,-0.395429
2003-10-29 23:39:46,1.466640,-0.110578,0.210321,0.022833,-0.054623,-0.865268,0.312888,0.039600,-0.252822,0.012703
2003-10-29 23:49:46,-1.562626,0.660183,0.136920,0.060219,-0.052355,-0.071702,0.334412,-0.002611,0.151325,-0.205707
2003-10-29 23:59:46,-0.317270,-0.941421,-0.389051,-0.311034,0.001691,0.100606,-0.621052,-0.290848,0.387997,0.269784
2003-10-30 00:09:46,-0.780170,0.777621,-0.298298,1.013527,-0.109511,-0.133541,-0.967762,-0.202126,0.167208,0.045964
2003-10-30 00:19:46,-0.196897,-0.823465,-0.795601,0.184569,0.305656,0.145669,0.261270,-0.288848,-0.204075,-0.550428
2003-10-30 00:29:46,1.520593,0.107493,0.163262,-0.095057,-0.090809,-1.040065,0.251936,-0.167482,-0.316009,0.182694
2003-10-30 00:39:46,1.467697,0.137864,0.122408,-0.155580,-0.148678,-1.078241,0.266897,-0.282256,-0.196478,0.005180
2003-10-30 00:49:46,0.045591,-0.813350,-0.541195,0.532824,0.511924,0.271752,0.079601,0.007940,0.278502,0.062876
2003-10-30 00:59:46,0.427150,-1.027207,-0.127959,0.240629,0.330924,0.046595,-0.311316,-0.152534,0.157867,-0.474568
2003-10-30 01:09:46,-0.281250,-0.668883,1.196155,-0.542096,0.084638,0.076281,-0.218133,0.205927,0.193845,0.062135
2003-10-30 01:19:46,-0.327705,0.187427,-1.265315,0.123052,0.041431,-0.399250,0.464595,1.009249,0.034806,-0.416648
2003-10-30 01:29:46,1.532657,0.883187,-0.065120,-0.297223,-0.140360,-0.179880,-0.025323,0.050326,0.051706,0.120623
2003-10-30 01:39:46,0.855764,0.004840,-0.057293,0.625465,-0.192824,0.768658,-0.154479,-0.038663,0.103107,-0.365898
2003-10-30 01:49:46,-0.726790,-0.642738,0.659737,-0.740104,0.503275,0.375210,0.047161,-0.152482,0.340142,0.299862
2003-10-30 01:59:46,1.709322,1.286739,-0.236611,-0.589644,-0.029640,-0.102174,-0.232236,0.453699,0.466706,-0.646742
2003-10-30 02:09:46,0.828995,-0.089506,-0.042688,0.837892,-0.324077,0.553089,0.181745,0.037055,0.295420,-0.456960
2003-10-30 02:19:46,1.582819,0.257087,0.099085,-0.361571,0.078416,-1.219448,0.263688,0.249197,-0.079616,-0.261508
2003-10-30 02:29:46,1.621182,0.852840,-0.101486,-0.259674,-0.335000,-0.176393,0.247897,-0.364337,0.378221,0.349438
2003-10-30 02:39:46,0.371618,-0.881968,0.377412,0.123454,-0.333291,-0.186878,-0.804373,0.271562,0.133347,0.239015
2003-10-30 02:49:46,-1.581405,0.271947,-0.053530,-0.393149,-0.402975,0.133491,0.547292,0.245248,0.138253,-0.210328
2003-10-30 02:59:46,1.044015,1.001158,0.321041,-0.106667,-0.065882,1.071050,0.237073,-0.348289,-0.454595,0.080645
2003-10-30 03:09:46,-1.599956,0.659449,0.097486,0.247185,-0.200024,0.020335,0.185630,0.395638,0.290239,0.082251
2003-10-30 03:19:46,0.129412,-0.865363,-0.507285,0.451663,0.494514,0.397796,0.145619,-0.007770,0.264400,0.094942
2003-10-30 03:29:46,-1.073982,-0.225160,-0.911218,-0.075868,-0.463391,-0.209103,-0.115975,-0.258194,0.000985,-0.254097
2003-10-30 03:39:46,1.314075,0.971716,-0.284505,-0.059909,-0.117671,0.764024,-0.305219,-0.544776,-0.281529,0.135953
2003-10-31 00:09:46,-1.068622,0.597337,-0.747247,0.867503,-0.155934,-0.376946,-0.474835,-0.120835,0.269126,-0.155100
2003-10-31 00:19:46,1.345690,1.006769,-0.250940,-0.054717,-0.248201,0.779057,-0.384839,-0.480145,-0.051056,-0.120866
2003-10-31 00:29:46,1.233328,0.437930,-0.266624,-0.468343,0.232418,-0.553268,0.347774,-0.595458,-0.259809,0.536570
2003-10-31 00:39:46,1.330359,-0.012663,0.044852,-0.356753,0.148113,-0.976888,0.283601,-0.440476,-0.233576,0.241796
2003-10-31 00:49:46,0.783970,-0.758098,0.096526,0.179790,0.393489,-0.506738,-0.144705,0.617925,-0.173689,0.414382
2003-10-31 00:59:46,-0.423857,-0.513648,1.188737,-0.446060,-0.270544,-0.036537,-0.287397,0.529661,0.051744,0.321922
2003-10-31 01:09:46,-0.394756,-0.476991,0.581227,-0.321454,-0.557005,0.195955,-0.261399,0.282363,0.314234,0.512790
2003-10-31 01:19:46,-1.625325,1.248750,0.518093,0.695165,0.442069,-0.262581,-0.039858,-0.009873,-0.041297,0.195102
2003-10-31 01:29:46,-0.452400,-0.742077,-0.486316,-0.386626,-0.125961,-0.031924,-0.663749,-0.354423,0.261703,0.198848
2003-10-31 01:39:46,-1.617830,0.912923,0.312807,0.164802,0.333311,-0.214971,0.392436,-0.146711,-0.162426,0.062378
2003-10-31 01:49:46,-0.024578,-0.843231,-0.694594,0.370492,0.342975,0.318902,0.265375,0.060298,0.112955,0.065151
2003-10-31 01:59:46,-0.298832,-0.802681,0.645255,-0.397225,0.897920,0.530906,0.410525,-0.126098,0.093964,-0.038720
2003-10-31 02:09:46,-0.749386,-0.440224,0.844288,-0.749226,-0.233113,0.011966,-0.413617,0.265658,0.109001,0.105154
2003-10-31 02:19:46,0.510916,-0.202037,0.124096,0.289887,-0.462195,0.544736,-0.395414,-0.011196,0.772455,0.146935
2003-10-31 02:29:46,0.083905,-0.699905,1.174300,-0.101439,0.279854,0.168474,0.139742,0.468398,-0.247665,-0.038489
2003-10-31 02:39:46,0.967740,-0.427734,-0.138625,-0.467714,0.695853,-0.870395,-0.014605,0.662843,0.115958,0.118965
2003-10-31 02:49:46,0.562650,-0.957527,0.232839,0.482046,0.013130,-0.090407,-0.390788,0.310565,-0.246139,0.073867
2003-10-31 02:59:46,1.151693,-0.124873,0.197675,-0.354315,0.317183,-0.892662,0.123161,-0.070674,-0.211155,0.737741
2003-10-31 03:09:46,0.090123,-0.859113,-0.468921,0.468497,0.510570,0.373386,0.142831,0.016833,0.235504,0.260822
2003-10-31 03:19:46,0.786270,-0.230861,0.993750,0.271734,-0.309564,-0.090924,0.470904,-0.206296,-0.599595,-0.559814
2003-10-31 03:29:46,-0.240679,-0.469772,0.544654,-0.401077,-0.592383,-0.437684,-0.933481,0.280069,0.058709,0.153834
2003-10-31 03:39:46,-1.375295,0.461395,-0.593312,0.162032,-0.136132,-0.410833,0.023417,0.004436,0.125074,-0.147113
2003-10-31 03:49:46,0.966515,-0.507094,0.360854,0.693746,-0.413297,0.090372,-0.023470,0.065523,0.146531,-0.323548
2003-10-31 03:59:46,-1.181529,-0.087532,0.301814,-0.459124,0.208966,0.154829,0.374321,-0.139601,0.171955,-0.443435
2003-10-31 04:09:46,1.636371,1.010199,-0.122106,-0.297999,-0.148173,0.117861,0.049333,-0.193400,0.226375,0.282804
2003-10-31 04:19:46,1.449091,1.419159,-0.514242,-0.560884,0.245752,0.576704,-0.501901,0.111970,-0.436019,0.362608
2003-10-31 04:29:46,-0.956258,-0.158060,-1.062557,-0.026693,-0.726467,0.009437,0.115552,0.168713,-0.082868,0.344369
2003-10-31 04:39:46,0.306043,-0.790149,-0.200825,-0.167180,1.004609,-0.001922,0.265353,0.066211,0.249752,0.149314
2003-10-31 04:49:46,1.271876,0.083063,-0.133791,-0.200052,0.153327,-0.760861,0.417897,-0.688093,-0.111319,0.154567
2003-10-31 04:59:46,1.610173,0.265584,0.069400,0.276024,-0.486927,-0.101496,0.375273,-0.449953,0.295119,0.123907
2003-10-31 05:09:46,-0.136088,-0.480826,-0.942491,-0.429570,0.292007,-0.414034,0.159946,-0.065381,-0.274338,-0.200441
2003-10-31 05:19:46,0.214277,-1.092558,-0.120308,0.131696,0.180332,0.046012,-0.559215,-0.055023,0.273233,-0.260924
2003-10-31 05:29:46,-0.195776,-0.211869,-1.182459,-0.218607,0.174971,-0.379198,0.428770,0.595046,-0.096457,-0.086559
2003-10-31 05:39:46,1.623376,0.531363,0.203037,-0.415473,-0.029386,-1.006753,0.262924,0.435196,0.141706,-0.263886
2003-10-31 05:49:46,-1.558960,1.050701,0.235697,0.245579,0.508534,-0.369597,0.350158,-0.050127,-0.252861,0.270294
2003-10-31 05:59:46,0.366938,-0.824009,0.889284,0.225470,0.175655,0.270237,0.075469,0.543168,-0.512267,0.360318
2003-10-31 06:09:46,0.617021,-0.615152,0.951946,0.374773,-0.121486,0.098469,0.348646,0.274974,-0.530392,-0.378974
2003-10-31 06:19:46,-1.220242,0.087393,-0.730931,-0.192573,-0.603857,-0.065081,0.086165,0.168697,0.252064,-0.025904
2003-10-31 06:29:46,1.522451,-0.092508,0.091723,-0.305637,0.164423,-1.042420,0.162423,0.402109,-0.095629,0.177592
2003-10-31 06:39:46,-0.901892,-0.350057,-0.944362,-0.236054,-0.556700,-0.064824,-0.095614,-0.189811,-0.179025,0.100394
2003-10-31 06:49:46,1.503455,1.043393,-0.268233,-0.169775,-0.085142,0.030609,0.268588,-0.339798,0.153147,0.566494
2003-10-31 06:59:46,-0.694131,-0.262659,-0.301511,0.437821,0.172064,0.529683,1.077649,0.325642,-0.304913,-0.072865
2003-10-31 07:09:46,-0.831403,-0.286269,0.873537,-0.755960,0.007339,-0.182694,-0.369924,0.184106,-0.061698,0.189771
2003-10-31 07:19:46,-1.578769,0.967605,0.313801,0.196614,0.465135,-0.319288,0.407382,-0.108029,-0.167107,0.038215
2003-10-31 07:29:46,-0.694694,-0.267257,-1.081155,0.338284,-0.369930,0.153826,0.463041,0.147779,-0.306871,-0.083178
2003-10-31 07:39:46,1.123665,-0.345902,0.162845,0.027449,0.119440,-0.782805,0.025771,0.887290,-0.018892,-0.668128
2003-10-31 07:49:46,0.980509,-0.080150,-0.411594,-0.477017,0.598629,-0.698856,0.479781,-0.762786,0.057837,0.529525
2003-10-31 07:59:46,-0.001842,-0.467322,1.208522,-0.055887,-0.086369,0.363284,0.058147,0.516140,0.487533,0.127878
2003-10-31 08:09:46,0.689176,-0.342887,0.344808,0.272748,-0.025378,-0.012892,0.536790,-0.693764,-0.488285,-0.100156
2003-10-31 08:19:46,0.006185,-1.034383,-0.018924,-0.083575,0.626330,0.443884,0.092091,-0.203329,-0.063785,0.068792
2003-10-31 08:29:46,0.296954,-1.070014,-0.110300,0.235999,0.162315,0.053683,-0.361198,0.130271,-0.010446,-0.219537
2003-10-31 08:39:46,-1.356801,0.230866,0.519162,-0.605763,0.488394,-0.239343,-0.009448,-0.633928,-0.269327,-0.295794
2003-10-31 08:49:46,0.828711,-0.781076,0.331401,0.524094,-0.243550,-0.132739,-0.110792,0.124988,-0.511557,-0.088474
2003-10-31 08:59:46,1.602924,1.741830,-0.857377,-0.926691,0.612823,0.555472,-0.756990,0.977088,-0.346214,-0.450185
2003-10-31 09:09:46,0.496832,-0.942453,0.277639,0.486865,0.095121,-0.025952,-0.315879,0.280166,-0.281975,0.149229
2003-10-31 09:19:46,0.985977,-0.374210,0.654116,0.371922,-0.363325,-0.174271,0.224548,-0.274471,-0.747259,-0.006092
2003-10-31 09:29:46,1.009362,-0.318884,0.304904,0.680449,-0.490978,0.305802,-0.004402,0.040282,0.332070,-0.388252
2003-10-31 09:39:46,-1.574374,1.336047,0.648416,0.687851,0.490663,-0.222424,-0.225371,-0.081321,-0.013992,0.041839
2003-10-31 09:49:46,1.978374,0.976559,0.002055,-0.462872,-0.179415,-0.385821,0.367337,0.114405,0.494084,-0.138155
2003-10-31 09:59:46,-0.950738,-0.263991,-0.025406,-0.435196,-0.093057,0.037383,-0.230063,-0.016199,0.527735,0.311121
2003-10-31 10:09:46,-1.175744,-0.112653,0.562364,-0.666501,0.489089,-0.033468,-0.037196,-0.276809,0.159314,0.133822
2003-10-31 12:05:51,-0.992819,-0.258048,0.515899,-0.850638,-0.537307,-0.070418,-0.139858,0.253056,-0.206477,-0.324592
2003-10-31 12:11:44,-1.534070,1.283995,0.595265,0.684099,0.432374,-0.235310,-0.230835,-0.049213,0.098318,-0.164441
2003-10-31 12:21:44,-0.992779,-0.390467,-0.506350,-0.431540,-0.329004,-0.159712,-0.440288,-0.475960,0.048937,-0.192627
2003-10-31 12:31:44,-0.999354,-0.431401,-0.075668,-0.645649,-0.257411,0.131402,-0.041546,-0.291460,-0.126807,-0.300213
2003-10-31 12:41:44,0.727268,-0.809375,0.165314,0.608671,-0.014759,0.191775,-0.241251,0.248455,0.251955,0.148633
2003-10-31 12:51:44,-0.469759,-0.524669,-1.000154,0.097349,-0.165269,0.051914,0.196679,-0.199108,-0.394634,-0.529399
2003-10-31 13:01:44,-0.848320,-0.504920,-0.559586,-0.447231,-0.301331,-0.105016,-0.357446,-0.436004,-0.163564,0.032023
2003-10-31 13:11:44,0.455588,-0.729187,0.227651,0.433361,-0.327034,0.183225,-0.291602,0.369355,0.064074,0.370181
2003-10-31 13:21:44,1.110943,0.581473,0.876218,0.059781,-0.532888,0.254704,0.704489,-0.500147,0.157163,0.170376
2003-10-31 13:31:44,1.219484,1.252649,-0.440004,-0.182909,0.026126,0.990805,-0.604336,-0.228569,-0.714592,0.128667
2003-10-31 13:41:44,-1.064345,0.703488,-0.598429,1.061032,-0.212099,-0.284275,-0.539261,-0.054288,0.155688,0.163281
2003-10-31 13:51:44,0.354674,-0.824028,0.947751,0.307673,0.248497,0.157837,0.003343,0.443859,-0.416014,0.036869
2003-10-31 14:01:44,-1.668586,1.121688,0.448915,0.530594,0.493279,-0.288255,0.100298,-0.147357,0.017844,-0.069897
2003-10-31 14:11:44,-1.146592,-0.193799,-0.241387,-0.415466,-0.421331,0.247674,0.307723,0.074002,-0.183939,0.209041
2003-10-31 14:21:44,0.956788,0.015909,0.060091,0.336757,-0.819916,0.676375,-0.238455,-0.251029,0.716054,-0.524551
2003-10-31 14:31:44,-1.561541,1.056136,0.371108,0.551133,0.052869,-0.091619,-0.083401,0.143648,0.288791,-0.145774
2003-10-31 14:41:44,1.492789,1.593777,-0.663347,-0.617061,0.502462,0.328288,-0.354094,0.458426,-0.230459,-0.266607
2003-10-31 14:51:44,-0.256210,-0.514321,1.321589,-0.337494,-0.111014,-0.002815,-0.292809,0.489676,0.087727,0.269778
2003-10-31 15:01:44,1.345983,-0.072179,0.135394,-0.271497,-0.041058,-1.016443,0.093253,-0.094570,-0.072044,0.405295
2003-10-31 15:11:44,0.844330,-0.441335,-0.026172,0.102078,0.033395,-0.252779,0.143162,-0.520360,-0.060703,-0.034482
2003-10-31 15:21:44,1.653880,0.599375,0.015372,-0.032897,-0.333310,-0.109932,0.252028,-0.218937,0.256181,0.183538
2003-10-31 15:31:44,0.434750,-0.237042,0.584140,0.028692,-0.148167,0.172377,0.772206,-0.461452,-0.377798,-0.107527
2003-10-31 15:41:44,-0.852489,0.365303,0.684039,-0.477689,-0.542685,0.494192,-0.068567,0.179261,0.464719,-0.026043
2003-10-31 15:51:44,1.435666,0.193641,0.102269,0.034038,-0.181743,-0.664916,0.368379,0.423422,0.347104,-0.663517
2003-10-31 16:01:44,-0.240882,-0.726429,0.120651,0.139769,0.506394,0.603333,0.428132,0.142965,0.304805,-0.052095
2003-10-31 16:11:44,-0.459271,-0.460864,-1.125283,0.445643,-0.198747,0.244065,0.555920,0.242969,-0.138188,-0.252973
2003-10-31 16:21:44,-0.800028,-0.373471,-0.924601,-0.190150,-0.610688,-0.012191,-0.208959,-0.073087,0.147517,-0.098428
2003-10-31 16:31:44,-1.381960,-0.022966,0.085996,-0.643130,-0.317079,0.136278,0.300098,0.145073,0.113202,-0.054829
2003-10-31 16:41:44,1.446899,0.181738,0.117415,-0.122156,-0.105940,-1.076980,0.358430,-0.175807,-0.289285,0.207283
2003-10-31 16:51:44,0.438374,-1.101411,-0.041713,0.328556,0.341051,0.092838,-0.349286,0.112265,-0.062222,0.023062
2003-10-31 17:01:44,0.315341,-0.065615,-0.924403,0.043086,0.635808,-0.432513,0.592780,0.370040,0.505943,0.691739
2003-10-31 17:11:44,0.472731,0.059007,-0.937072,-0.128900,0.895589,-0.527865,0.657263,0.868856,0.592754,0.411464
2003-10-31 17:21:44,1.472582,0.203978,0.087084,0.195537,-0.345325,-0.164961,0.273262,-0.257685,0.600002,0.352109
2003-10-31 17:31:44,-1.335095,0.509049,-0.210328,0.389089,-0.144542,-0.018485,0.254723,-0.009957,-0.050283,-0.061249
2003-10-31 17:41:44,0.039268,-0.712002,0.172726,-0.115447,-0.728655,-0.331552,-0.962165,0.262302,-0.073874,0.276023
2003-10-31 17:51:44,-0.067865,-0.868951,-0.673929,0.264868,0.183941,0.268247,0.057831,0.084682,0.238722,-0.023134
2003-10-31 18:01:44,1.570255,0.837938,0.020394,-0.373459,-0.257937,-0.181104,-0.095651,-0.087487,0.163426,0.300255
2003-10-31 18:11:44,1.510078,1.755085,-0.699348,-0.878089,0.577225,0.551143,-0.689225,0.831547,-0.391280,-0.411373
2003-10-31 18:21:44,1.240745,-0.078300,0.324762,0.377390,-0.472657,0.038455,-0.149173,-0.322891,-0.732942,-0.000400
2003-10-31 18:31:44,0.410075,-1.052987,-0.069854,0.303940,0.383011,0.129486,-0.164777,-0.140512,0.003737,-0.133844
2003-10-31 18:41:44,0.533333,0.203213,0.975663,-0.533947,0.176543,-0.203403,0.736617,-0.776149,-0.225830,0.010846
2003-10-31 18:51:44,-0.830091,-0.495440,-0.088155,-0.615524,0.034524,-0.090267,-0.516629,-0.282550,0.432223,0.174945
2003-10-31 19:01:44,-0.008732,-1.021490,0.038306,-0.025954,0.733810,0.477732,0.230061,-0.241832,-0.026963,-0.081917
2003-10-31 19:11:44,-0.994319,-0.077251,-1.021850,0.081635,-0.688476,-0.029394,0.012047,0.132886,0.065251,0.058487
2003-10-31 19:21:44,1.450640,1.380961,-0.439190,-0.471826,0.221397,0.539281,-0.301026,-0.007215,-0.202327,0.087770
2003-10-31 19:31:44,1.579791,0.575269,-0.074485,-0.216131,-0.177717,-0.309745,0.087289,-0.212255,-0.023175,0.096463
2003-10-31 19:41:44,-1.347332,1.332302,0.781508,0.631377,0.498275,-0.072294,-0.453313,-0.180452,0.056692,-0.182771
2003-10-31 19:51:44,0.727052,-0.111883,-0.682557,-0.522257,0.742635,-0.683122,0.382253,-0.545743,0.143334,0.616857
2003-10-31 20:01:44,1.306743,0.958387,-0.296284,0.106713,-0.225314,0.676769,-0.117563,-0.692536,-0.109327,0.195216
2003-10-31 20:11:44,-0.616899,-0.463004,-0.445535,-0.035079,0.142177,0.122227,0.249375,-0.143893,0.099663,-0.337827
2003-10-31 20:21:44,-0.721995,-0.248702,-0.789014,0.304966,-0.272799,0.184550,0.299371,0.131126,0.164111,0.187630
2003-10-31 20:31:44,0.138852,0.565877,0.993142,-0.287117,-0.296150,1.119665,0.059508,0.099115,0.343096,0.129757
2003-10-31 20:41:44,-0.522525,-0.498716,-0.923861,0.086327,-0.185010,0.122282,0.221842,-0.044348,-0.308020,-0.101494
2003-10-31 20:51:44,-0.072262,-0.761396,0.073465,-0.192245,-0.581217,-0.333018,-0.931683,0.145336,-0.095256,0.337758
2003-10-31 21:01:44,0.841449,-0.481796,0.313977,0.664568,-0.553622,0.047000,-0.112286,0.095635,0.226536,-0.214030
2003-10-31 21:11:44,-1.017013,-0.063143,-1.082567,0.145337,-0.695600,-0.061686,0.042799,0.165808,0.040864,0.170389
2003-10-31 21:21:44,-0.745356,-0.575481,-0.637098,-0.553821,-0.369503,-0.072619,-0.395571,-0.437582,-0.117256,-0.021161
2003-10-31 21:31:44,-0.088572,-0.958687,-0.305338,-0.175610,0.291718,0.119906,-0.582674,-0.433657,0.578569,-0.105885
2003-10-31 21:41:44,1.440661,0.510395,-0.286752,-0.670208,0.449619,-0.668741,0.294976,-0.215949,0.036409,-0.486557
2003-10-31 21:51:44,1.757239,1.306513,-0.328318,-0.833493,0.163777,-0.117401,-0.427138,0.664638,0.348649,-0.933975
2003-10-31 22:01:44,-0.521858,-0.603415,-0.509452,-0.409139,-0.603239,-0.281664,-0.615368,-0.200639,-0.247869,-0.248891
2003-10-31 22:11:44,-1.344255,0.233626,-0.177521,-0.103546,-0.591434,0.304606,0.345066,0.387462,-0.021417,0.116689
2003-10-31 22:21:44,-0.749959,-0.395890,0.781149,-0.764952,-0.166002,0.075238,-0.173538,0.034389,0.212950,0.089107
2003-10-31 22:31:44,0.322624,-1.161837,-0.157763,0.253828,0.576310,0.091239,-0.273105,-0.176115,-0.105833,0.065189
2003-10-31 22:41:44,-1.028284,0.100525,-0.902574,0.348569,-0.637216,-0.074487,-0.207042,0.144141,0.044658,0.159215
2003-10-31 22:51:44,1.546958,0.892997,-0.395373,0.021248,0.070218,0.489091,0.157533,-0.224212,0.021496,0.110076
2003-10-31 23:01:44,0.871555,0.760094,0.838812,-0.087889,-0.304927,0.408542,0.691332,-0.564151,0.219119,-0.055476
2003-10-31 23:11:44,0.731991,-0.666203,-0.246093,-0.183016,0.821265,-0.509100,-0.098768,0.925092,0.193381,-0.327081
2003-10-31 23:21:44,-0.784193,-0.354037,-0.265556,-0.424219,-0.148875,-0.003764,-0.394074,0.017948,0.605558,0.341774
2003-10-31 23:31:44,0.007874,-1.092341,-0.519117,-0.023125,0.336565,0.193261,-0.243895,-0.290442,0.161714,-0.322608
2003-10-31 23:41:44,1.616835,0.222275,0.103249,-0.401897,0.043713,-1.218038,0.236934,0.310585,0.019259,-0.510409
2003-10-31 23:51:44,1.515343,1.315205,-0.542182,-0.338330,0.141986,0.386819,-0.234806,-0.211626,0.042441,0.029817
2003-11-01 00:01:44,-0.919774,-0.094056,0.762608,-0.682094,0.178426,-0.272818,-0.035757,-0.076624,-0.093135,-0.092614
2003-11-01 00:11:44,-0.664859,1.238964,0.199309,0.675359,0.434389,-0.061226,-0.899227,-0.282608,0.128755,-0.188403
2003-11-01 00:21:44,1.689388,0.533049,0.049630,-0.327313,-0.059941,-0.805735,0.321606,0.115942,0.200344,-0.408119
2003-11-01 00:31:44,-0.937974,-0.488132,0.619852,-0.686694,0.423310,0.204239,-0.038181,-0.166565,0.399086,0.089068
2003-11-01 00:41:44,-1.359318,1.412384,0.706555,0.701654,0.615222,-0.259738,-0.411482,-0.103269,0.123285,-0.260365
2003-11-01 00:51:44,-0.762291,-0.518511,-0.758606,-0.385802,-0.372911,-0.126350,-0.413065,-0.338020,-0.115704,0.064601
2003-11-01 01:01:44,-0.550286,-0.719604,-0.492820,-0.377893,-0.128327,-0.003402,-0.513934,-0.305114,0.304753,0.278070
2003-11-01 01:11:44,0.758886,-0.399129,0.045305,0.210422,-0.267510,-0.145196,0.152260,-0.755358,-0.198910,-0.247567
2003-11-01 01:21:44,-0.787879,-0.175969,0.823190,-0.672071,-0.816355,-0.216597,-0.188212,0.491400,-0.387626,-0.190990
2003-11-01 01:31:44,1.432132,0.132378,0.135504,-0.129131,-0.084529,-1.084224,0.252301,-0.184224,-0.185071,0.054849
2003-11-01 01:41:44,-1.513880,0.674700,0.458624,-0.060479,0.506650,-0.296973,0.097255,-0.519451,-0.181190,-0.329905
2003-11-01 01:51:44,-0.331882,-0.557051,0.826378,-0.424842,-0.514685,-0.073373,-0.510306,0.351421,-0.137266,0.146466
2003-11-01 02:01:44,1.841721,0.708875,0.133401,-0.407090,-0.156781,-0.711842,0.240758,0.113124,0.348930,-0.421232
2003-11-01 02:11:44,0.510919,-1.078965,0.145836,0.321902,0.253851,-0.032221,-0.379777,0.172725,-0.202625,0.074379
2003-11-01 02:21:44,1.257983,-0.143520,0.235116,0.090769,-0.147641,-0.800275,0.218081,-0.007913,-0.352763,-0.170799
2003-11-01 02:31:44,0.651789,-0.996199,0.205926,0.490887,0.109797,-0.091002,-0.402579,0.291055,-0.245031,0.019489
2003-11-01 02:41:44,-1.539319,0.418004,0.067336,-0.219395,-0.348562,0.174699,0.356203,0.345358,0.078924,0.136489
2003-11-01 02:51:44,0.633074,-0.726843,0.091335,0.460727,0.073731,0.053067,0.037089,-0.333857,-0.155845,-0.376595
2003-11-01 03:01:44,1.467734,1.274008,-0.487080,-0.326597,0.119496,0.409748,-0.122850,-0.129729,-0.185512,0.345798
2003-11-01 03:11:44,-0.059731,-0.669606,0.128300,-0.111853,-0.534790,-0.410581,-0.981406,0.046326,-0.090363,0.190200
2003-11-01 03:21:44,-0.621833,-0.650554,-0.549725,-0.359045,-0.111341,-0.226063,-0.733210,-0.513335,0.263108,-0.267203
2003-11-01 03:31:44,1.672836,1.186634,-0.365141,-0.322310,-0.084223,0.247958,-0.172431,-0.105025,0.072369,0.248974
2003-11-01 03:41:44,-0.101213,-0.879459,-0.513666,-0.069553,0.300503,0.124038,-0.333291,-0.361585,-0.113518,-0.012798
2003-11-01 03:51:44,-0.103959,-0.814622,-0.675735,0.337199,0.414800,0.250556,0.236764,-0.101888,-0.097820,-0.021830
2003-11-01 04:01:44,-0.083160,-1.025834,-0.125567,-0.049778,0.491909,0.262682,-0.285147,-0.367655,0.276779,0.168882
2003-11-01 04:11:44,1.741657,0.698839,-0.042705,-0.209510,-0.156459,-0.560740,0.488365,0.054351,0.786271,-0.493770
2003-11-01 04:21:44,1.578877,0.853849,0.078755,-0.293297,-0.272768,-0.324335,0.176945,-0.000682,0.448651,0.009696
2003-11-01 04:31:44,0.084903,-1.012527,-0.199955,0.030067,0.662984,0.258992,-0.133538,-0.366983,0.389895,-0.475569
2003-11-01 04:41:44,0.422026,-1.050766,0.009503,0.345885,0.377924,0.078443,-0.357424,0.094100,-0.177404,0.173596
2003-11-01 04:51:44,-1.233361,-0.264588,0.269263,-1.016007,-0.168049,0.130643,0.041935,-0.241879,-0.023310,-0.316956
2003-11-01 05:01:44,-0.006772,-0.909495,-0.666769,0.140099,0.375660,0.206468,0.085633,-0.376015,-0.195915,-0.390811
2003-11-01 05:11:44,0.058121,0.160376,-1.205674,0.076500,0.382441,-0.542530,0.810912,0.329508,0.186554,0.311798
2003-11-01 05:21:44,1.466138,1.781951,-0.709615,-0.878414,0.684823,0.543506,-0.709850,0.880437,-0.412328,-0.611432
2003-11-01 05:31:44,1.591542,1.316212,-0.510472,-0.381596,0.057924,0.365074,-0.172089,-0.177613,0.058223,-0.014798
2003-11-01 05:41:44,-1.183144,0.126508,-0.302604,-0.313225,0.238780,-0.527148,-0.257194,-0.725827,-0.105111,-0.391862
2003-11-01 05:51:44,0.017958,-1.065197,-0.208155,-0.001832,0.531957,0.241947,-0.314108,-0.382818,0.265572,0.107349
2003-11-01 06:01:44,0.041655,-1.043946,-0.346909,0.109546,0.526429,0.274210,-0.158922,-0.271981,0.163445,0.146935
2003-11-01 06:11:44,1.168845,-0.181027,0.358442,0.564783,-0.569830,-0.050715,0.111742,-0.381958,-0.006866,-0.226967
2003-11-01 06:21:44,-0.143437,-0.314850,0.846847,-0.282500,-0.071120,0.015142,0.055619,-0.173151,0.338984,-0.250799
2003-11-01 06:31:44,-0.145298,-0.931605,0.166355,-0.084802,0.708868,0.515726,0.386556,-0.075521,0.043233,-0.086840
2003-11-01 06:41:44,-1.525839,0.194418,-0.003472,-0.508457,-0.457060,0.236934,0.619751,0.310241,-0.038877,0.207868
2003-11-01 06:51:44,-0.542281,-0.610495,-0.697727,-0.105242,-0.000610,-0.013075,-0.114005,-0.414416,-0.402591,-0.272468
2003-11-01 07:01:44,0.738314,-0.639313,-0.305759,-0.169164,0.844961,-0.448862,0.052232,0.671781,0.335609,-0.457046
2003-11-01 07:11:44,-1.128028,-0.161899,-0.588535,-0.498946,-0.408234,-0.210050,-0.193559,-0.261177,0.194630,-0.486980
2003-11-01 07:21:44,0.197628,-0.700553,0.354722,0.253509,-0.255471,-0.306894,-0.841415,0.229118,0.133296,0.130954
2003-11-01 07:31:44,-1.009795,-0.090333,-0.997811,0.105742,-0.692937,-0.028449,0.057505,0.132799,0.034549,0.110022
2003-11-01 07:41:44,1.714415,0.824723,-0.023499,-0.170402,-0.271123,-0.174267,0.231094,-0.271246,0.373681,0.241284
2003-11-01 07:51:44,0.570429,-0.957178,0.212427,0.502132,0.027127,-0.097045,-0.435058,0.290457,-0.230467,-0.057222
2003-11-01 08:01:44,1.391330,0.250844,-0.313476,-0.070552,0.342602,-0.200254,0.164878,0.390755,0.804671,0.216699
2003-11-01 08:11:44,-1.524668,0.412610,0.036122,-0.305179,-0.225526,0.073794,0.529403,0.127926,-0.031847,0.064280
2003-11-01 08:21:44,0.546051,-0.989304,0.214934,0.396628,-0.088997,-0.099304,-0.563555,0.332879,-0.120530,0.070387
2003-11-01 08:31:44,1.217689,-0.019527,-0.185131,-0.275608,0.256364,-0.785247,0.557436,-0.423436,0.049446,0.201584
2003-11-01 08:41:44,-1.524493,0.955272,0.328653,0.391510,0.124378,-0.109072,0.053804,0.228819,0.145392,-0.078613
2003-11-01 08:51:44,1.553373,0.522143,0.002309,0.083034,-0.159065,-0.242209,0.471823,0.311651,0.605828,-0.796408
2003-11-01 09:01:44,1.656692,1.441139,-0.704958,-0.574575,0.345774,0.221860,-0.142958,0.234704,0.149094,-0.342054
2003-11-01 09:11:44,-0.901271,-0.143382,-0.658781,0.306467,-0.415226,0.197612,0.173176,0.253557,0.086853,0.400811
2003-11-01 09:21:44,0.625567,0.175472,1.223308,-0.047017,-0.223188,0.273698,0.662509,-0.308615,-0.224620,-0.388127
2003-11-01 09:31:44,0.300171,-0.839004,-0.078253,0.245190,-0.327200,-0.263606,-0.551739,0.294851,-0.274256,-0.215683
2003-11-01 09:41:44,0.135447,-1.092317,-0.513566,0.086510,0.568464,0.259890,0.015554,-0.274678,-0.059936,0.022774
2003-11-01 09:51:44,-1.562060,1.094433,0.374535,0.416536,0.497307,-0.383972,0.163699,-0.104177,0.046978,-0.228097
2003-11-01 10:01:44,1.413335,0.215932,0.057488,-0.214912,-0.145482,-0.774409,0.360017,-0.290529,0.355658,0.279990
2003-11-01 10:11:44,-1.587189,0.689549,0.134624,-0.092674,0.175270,-0.124539,0.448415,-0.102085,-0.094674,-0.226407
2003-11-01 10:21:44,-1.595467,1.037614,0.378979,0.391135,0.417543,-0.259680,0.191061,-0.108041,-0.035013,0.041262
2003-11-01 10:31:44,-1.226682,-0.276236,0.264187,-1.049474,-0.132976,0.142402,0.060481,-0.227965,-0.132516,-0.098453
2003-11-01 10:41:44,-1.616606,0.677283,0.212981,-0.117138,0.195226,-0.125090,0.527996,-0.099494,-0.264649,0.143437
2003-11-01 10:51:44,1.462019,0.092798,0.125459,0.321132,-0.287765,-0.026084,0.386427,0.102032,0.583295,-0.063420
2003-11-01 11:01:44,-0.971207,-0.126408,-1.049651,0.081124,-0.723761,-0.042874,0.031951,0.089743,0.129115,-0.098401
2003-11-01 11:11:44,0.246769,-0.836660,0.054472,0.160240,-0.396834,-0.200922,-0.523937,0.298925,-0.531485,0.238728
2003-11-01 11:21:44,0.148245,0.211550,1.212612,-0.157464,-0.655106,0.515343,0.222401,0.174401,0.852080,-0.255438
2003-11-01 11:31:44,-0.537197,-0.546625,1.006315,-0.498213,0.139424,0.130512,-0.244065,0.304634,0.161649,0.324631
2003-11-01 11:41:44,0.281434,-1.100347,-0.186866,0.249520,0.440431,0.086790,-0.228232,-0.041346,-0.015641,-0.205058
2003-11-01 11:51:44,-1.364394,-0.077690,0.090203,-0.800005,-0.357160,0.192086,0.338567,-0.040636,-0.109285,-0.103115
2003-11-01 12:01:44,-0.803196,-0.643893,0.591914,-0.842459,0.246255,0.309373,-0.122021,-0.122037,0.512141,-0.020830
2003-11-01 12:11:44,-0.167643,-0.489232,-0.938983,-0.415349,0.223846,-0.440464,0.087505,-0.074384,-0.158746,-0.343969
2003-11-01 12:21:44,0.153070,-0.813430,0.165360,0.062563,-0.601415,-0.275993,-0.882866,0.323277,0.154224,-0.007282
2003-11-01 12:31:44,1.286150,-0.144672,0.129519,0.216632,0.061825,-0.473971,0.213527,0.837177,0.467546,-0.592802
2003-11-01 12:41:44,-1.080138,-0.196121,0.485215,-0.766863,-0.551842,-0.046466,-0.056819,0.292964,-0.218772,-0.254950
2003-11-01 12:51:44,-1.084860,-0.326421,-0.523351,-0.637140,-0.383155,-0.212082,-0.244131,-0.335159,0.188816,-0.463231
2003-11-01 13:01:44,-1.495509,0.543855,0.117972,0.027658,-0.412164,0.176165,0.125993,0.431842,0.273645,-0.053884
2003-11-01 13:11:44,-0.928890,-0.117022,-0.427025,0.140244,-0.189652,0.455377,0.941311,0.318356,-0.561630,0.023281
2003-11-01 13:21:44,0.682528,-0.990157,0.260112,0.512517,0.053351,-0.034281,-0.391028,0.336667,-0.234947,0.108951
2003-11-01 13:31:44,1.449526,1.414907,-0.522176,-0.490511,0.311358,0.592987,-0.425323,0.213924,-0.355455,0.151409
2003-11-01 13:41:44,0.879807,-0.502147,0.208944,0.564929,-0.373558,0.176948,-0.156454,0.041398,-0.047140,-0.278037
2003-11-01 13:51:44,-0.376020,-0.500629,0.938933,-0.596468,-0.161334,0.090820,0.093295,0.022544,0.364907,-0.134978
2003-11-01 14:01:44,0.779955,-0.890245,0.376205,0.551363,-0.074083,-0.087186,-0.184155,0.192703,-0.384714,0.127386
2003-11-01 14:11:44,1.593117,1.061327,-0.243786,-0.657749,0.080701,-0.138189,-0.417261,0.140231,-0.315892,-0.173902
2003-11-01 14:21:44,1.220945,-0.280647,0.146392,0.177132,-0.002921,-0.744527,0.022848,0.119757,-0.208979,0.209615
2003-11-01 14:31:44,0.209422,-1.075868,-0.242663,0.098683,0.688720,0.345863,-0.074307,-0.309666,0.122347,-0.127619
2003-11-01 14:41:44,1.747692,0.296377,0.079610,-0.290287,-0.147614,-0.952576,0.206137,0.177605,0.594026,-0.148738
2003-11-01 14:51:44,-0.961142,-0.125829,-0.451729,0.126072,-0.195276,0.432481,0.906445,0.320181,-0.530609,-0.020044
2003-11-01 15:01:44,1.744689,0.804288,0.013869,-0.077964,-0.324845,-0.216092,0.347496,-0.332503,0.490564,0.284043
2003-11-01 15:11:44,-1.512739,1.370958,0.598213,0.707305,0.521385,-0.174540,-0.222037,-0.044372,0.010584,0.034368
2003-11-01 15:21:44,0.003545,-0.665797,-0.706498,0.660479,0.334280,0.383722,0.344217,0.188137,0.323694,-0.033446
2003-11-01 15:31:44,-1.261576,-0.002269,-0.402547,-0.190052,-0.587760,0.293318,0.532420,0.269309,-0.149945,0.171617
2003-11-01 15:41:44,1.013036,0.607428,0.100688,0.040191,-0.869516,0.685560,-0.510091,-0.550114,0.406671,-0.019336
2003-11-01 15:51:44,1.271994,0.898039,0.101403,-0.132880,-0.332997,0.609769,-0.027288,-0.565229,-0.089542,0.387704
2003-11-01 16:01:44,-1.305725,1.407951,0.503260,0.742614,0.714709,-0.252954,-0.146965,-0.019647,-0.130708,0.260746
2003-11-01 16:11:44,1.001818,1.024492,0.317469,-0.121039,0.021407,0.984486,0.304096,-0.342474,-0.409723,0.144438
2003-11-01 16:21:44,-0.558538,-0.110977,1.183638,-0.482980,-0.464120,0.019755,-0.369006,0.312167,0.476683,0.161645
2003-11-01 16:31:44,1.297727,0.280578,0.049364,0.429812,-0.406741,0.214839,0.239127,-0.621606,0.183704,-0.217849
2003-11-01 16:41:44,-1.305957,1.423226,0.636521,0.766761,0.677774,-0.296296,-0.403490,-0.134866,0.153962,-0.251438
2003-11-01 16:51:44,1.168770,-0.381880,0.127782,0.021883,0.361502,-0.706226,0.206725,0.850247,-0.117184,-0.541834
2003-11-01 17:01:44,-1.015455,0.136980,-0.927741,0.357334,-0.639300,-0.092175,-0.188322,0.150430,-0.022708,0.243116
2003-11-01 17:11:44,0.042159,-1.045351,-0.200700,0.060248,0.632539,0.319311,-0.069965,-0.316908,0.198679,0.086088
2003-11-01 17:21:44,1.235019,-0.070607,-0.058943,-0.248328,0.185664,-1.022333,0.010034,0.024003,-0.115197,0.502401
2003-11-01 17:31:44,-0.016702,-0.081119,-1.212642,0.171498,0.538892,-0.341232,0.825359,0.911691,0.263756,-0.517236
2003-11-01 17:41:44,-0.768100,-0.555911,-0.569952,-0.497508,-0.373086,-0.052435,-0.397038,-0.464669,-0.074474,-0.247231
2003-11-01 17:51:44,-0.192419,-0.915577,-0.186569,-0.253964,0.269311,0.158569,-0.528177,-0.412588,0.453901,0.236636
2003-11-01 18:01:44,-1.214396,0.177601,-0.318149,0.020241,-0.587149,0.251619,0.291214,0.360787,-0.061894,0.051012
2003-11-01 18:11:44,-1.145685,0.005809,-0.852853,0.143782,-0.626917,-0.001730,0.147800,0.191443,-0.033644,0.212924
2003-11-01 18:21:44,0.216366,-1.049894,-0.358840,0.213321,0.676270,0.291485,-0.120181,-0.320885,0.072347,0.052623
2003-11-01 18:31:44,-0.167204,-0.674171,-0.144884,-0.232048,-0.365009,-0.176667,-0.810195,-0.229163,0.181807,0.116662
2003-11-01 18:41:44,0.389727,-0.292977,0.587083,0.375126,0.246544,1.030343,0.294004,0.296643,0.228855,0.219372
2003-11-01 18:51:44,1.163027,-0.237856,-0.045883,-0.084765,0.225782,-0.429248,-0.107097,0.369315,0.397623,0.275591
2003-11-01 19:01:44,-1.567889,0.431846,0.050352,-0.305815,-0.117793,-0.007824,0.527207,0.100896,0.013850,-0.294287
2003-11-01 19:11:44,-0.957375,0.032539,-0.956591,0.244061,-0.651099,-0.032077,-0.156842,0.127474,0.207862,-0.120080
2003-11-01 19:21:44,1.344839,0.216371,0.521914,-0.283406,-0.075773,-0.880556,0.491847,-0.103839,-0.437996,0.351944
2003-11-01 19:31:44,-1.176782,0.048146,-0.737175,-0.267906,-0.625565,-0.076745,0.106379,0.133811,0.260481,-0.118253
2003-11-01 19:41:44,-1.032260,-0.144843,-0.954229,-0.011598,-0.739869,0.039613,0.131838,0.140228,0.068688,0.029916
2003-11-01 19:51:44,0.641825,-0.990965,0.315051,0.492220,0.075130,-0.017967,-0.370939,0.323108,-0.143876,-0.198725
2003-11-01 20:01:44,-0.280381,-0.621506,0.285826,-0.148872,0.064940,-0.185602,-0.644841,0.170451,0.497212,0.047951
2003-11-01 20:11:44,-0.347751,-0.823109,-0.610042,0.002348,0.177259,0.272283,0.438341,-0.164120,-0.218343,-0.400345
2003-11-01 20:21:44,1.566082,1.583623,-0.654586,-0.730605,0.515572,0.439798,-0.421851,0.594074,-0.343680,-0.227775
2003-11-01 20:31:44,1.033347,0.012451,0.559908,-0.353468,0.326583,-0.778228,0.290695,0.169238,-0.354974,1.011451
2003-11-01 20:41:44,1.119057,-0.388922,0.327082,0.506788,-0.434995,-0.355759,-0.005869,-0.369972,-0.473750,-0.486346
2003-11-01 20:51:44,1.623779,1.085961,-0.325360,-0.293710,-0.030624,0.007445,0.003964,-0.218601,0.169284,0.045010
2003-11-01 21:01:44,-1.001305,-0.264617,0.328330,-0.682428,-0.061040,0.269929,0.041518,0.155959,0.578816,0.044986
2003-11-01 21:11:44,0.490329,-0.661177,0.945951,0.174548,-0.076901,0.147369,0.370494,0.092455,-0.525708,-0.425313
2003-11-01 21:21:44,-1.234282,0.014281,-0.402078,-0.195116,-0.590824,0.306638,0.535454,0.308317,-0.194393,0.292851
2003-11-01 21:31:44,1.485771,0.132252,0.190300,-0.154165,-0.158052,-1.031471,0.259949,-0.177399,-0.365205,0.336047
2003-11-01 21:41:44,1.413595,0.400874,0.291704,-0.109094,-0.280074,-0.775121,0.388604,-0.204068,0.302589,0.446769
2003-11-01 21:51:44,-1.547147,1.298452,0.427435,0.699228,0.540136,-0.403828,-0.073797,-0.011078,0.017268,0.032371
2003-11-01 22:01:44,-0.126217,-0.702604,-0.850175,0.311008,0.226554,0.219333,0.368005,-0.177469,-0.199888,-0.525756
2003-11-01 22:11:44,-0.662883,-0.464366,-0.403434,-0.236846,-0.506661,-0.432195,-0.715265,-0.294635,-0.235190,-0.362079
2003-11-01 22:21:44,1.539830,0.220080,0.073859,0.012268,-0.227239,-0.522577,0.392497,-0.225191,-0.033489,0.014904
2003-11-01 22:31:44,0.565721,-0.709446,-0.548850,-0.282476,1.137625,-0.303539,0.032101,0.417769,0.626669,-0.760210
2003-11-01 22:41:44,-0.677915,0.022790,-1.006453,0.822187,-0.289571,0.099870,0.107333,0.300747,-0.165727,-0.136742
2003-11-01 22:51:44,0.298472,-0.589662,-0.691143,0.170828,0.757281,-0.088643,0.361921,0.393720,0.447956,0.224489
2003-11-01 23:01:44,-1.590177,0.710564,0.181369,0.095613,-0.005745,-0.069230,0.331741,0.006065,0.107414,-0.091521
2003-11-01 23:11:44,1.196779,0.548936,-0.090104,0.477003,-0.302562,0.872390,0.027026,-0.523305,-0.170761,-0.120711
2003-11-01 23:21:44,-0.743605,-0.516219,-0.721884,-0.450824,-0.407838,-0.104327,-0.418564,-0.434877,-0.055108,-0.189834
2003-11-01 23:31:44,-1.488363,0.406768,0.322048,-0.384856,0.305099,-0.226173,0.210842,-0.465294,-0.249833,-0.361799
2003-11-01 23:41:44,0.789702,-0.758252,0.205204,0.471257,-0.376559,-0.179574,-0.171574,0.123690,-0.430814,-0.360514
2003-11-01 23:51:44,0.557825,-0.602846,-0.438551,-0.198936,0.583901,-0.085784,0.126459,-0.724729,0.120318,0.528360
2003-11-03 09:53:55,-1.085801,0.018973,0.667510,-0.548865,-0.216969,-0.291119,-0.305632,-0.003272,-0.290461,-0.354767
2003-11-03 10:01:44,-0.984346,1.309352,0.166249,0.910335,0.470449,-0.309379,-0.937127,-0.320743,0.254775,-0.288374
2003-11-03 10:11:44,1.135630,-0.421785,0.363653,0.441619,-0.381920,-0.369720,-0.038272,-0.411159,-0.497718,-0.455150
2003-11-03 10:21:44,-1.530830,1.289881,0.553352,0.697611,0.449470,-0.201455,-0.186059,-0.064727,0.083290,-0.094459
2003-11-03 10:31:44,0.546196,-0.762134,-0.495001,-0.397743,1.123728,-0.272102,0.098578,0.437588,0.629529,-0.789358
2003-11-03 10:41:44,0.355805,-0.981285,0.220903,0.264270,-0.277474,-0.114594,-0.556216,0.358173,-0.126343,0.186243
2003-11-03 10:51:44,0.387463,-0.463098,1.242081,0.041357,-0.060958,0.044799,0.373326,0.319742,-0.307516,-0.657857
2003-11-03 11:01:44,-0.206531,-0.965132,-0.351146,-0.182219,0.249838,0.125493,-0.404247,-0.321754,0.437012,0.250756
2003-11-03 11:11:44,-0.359954,-0.359230,1.194953,-0.589809,-0.642497,-0.219599,-0.259591,0.375303,-0.030492,-0.027222
2003-11-03 11:21:44,1.164099,-0.216573,0.141651,0.314417,-0.421449,-0.158254,0.136208,0.251165,0.493265,-0.444558
2003-11-03 11:31:44,0.174817,-0.813961,0.299523,0.131204,-0.216228,-0.242121,-0.760320,0.206397,0.114014,0.155477
2003-11-03 11:41:44,1.803293,1.144989,-0.294269,-0.435694,-0.137219,-0.138047,-0.058401,0.116317,0.588573,-0.478554
2003-11-03 11:51:44,0.113878,-1.075195,-0.352020,0.144682,0.632016,0.253764,-0.114605,-0.328741,0.266011,-0.155651
2003-11-03 12:01:44,-0.804842,-0.279694,-0.060971,-0.433633,-0.557895,-0.452173,-0.685328,0.041565,-0.042638,-0.375502
2003-11-03 12:11:44,1.181081,-0.322493,0.182835,0.503312,-0.214708,0.292744,-0.033416,0.525717,0.753067,-0.780024
2003-11-03 12:21:44,-0.697911,-0.672755,0.582475,-0.779663,0.436743,0.318257,-0.024459,-0.168745,0.499106,-0.035844
2003-11-03 12:31:44,1.501538,0.111180,0.152805,-0.078030,-0.178801,-0.880007,0.129498,0.009763,-0.318620,-0.270813
2003-11-03 12:41:44,-1.344527,-0.079517,0.009117,-0.809050,-0.339150,0.126480,0.245466,-0.042102,0.048725,-0.540674
2003-11-03 12:51:44,1.065420,-0.059945,0.715813,-0.024283,-0.283763,-0.508082,0.219678,-0.467581,-0.486123,0.162216
2003-11-03 13:01:44,1.227013,0.111390,0.116809,0.419137,-0.544346,0.485272,-0.004644,-0.444209,0.451166,-0.460501
2003-11-03 13:11:44,0.683297,-0.832544,0.309807,0.339662,-0.283227,-0.162211,-0.212772,-0.024829,-0.246362,-0.309656
2003-11-03 13:21:44,0.527568,-0.682931,0.338222,0.146110,-0.548372,-0.290313,-0.498616,-0.064485,0.031726,-0.262624
2003-11-03 13:31:44,-1.639520,0.988513,0.235646,0.348685,0.390425,-0.327077,0.282128,-0.123412,0.079859,-0.281604
2003-11-03 13:41:44,-1.634899,0.721936,0.181652,0.093057,0.009754,-0.086846,0.358784,0.004093,0.082836,-0.123699
2003-11-03 13:51:44,1.226677,0.176941,0.363507,0.589238,-0.632888,0.265021,0.251084,-0.457878,0.341137,-0.352470
2003-11-03 14:01:44,-0.753901,-0.410666,0.032245,-0.649723,0.309543,-0.246787,-0.604324,-0.555623,0.411248,-0.336284
2003-11-03 14:11:44,-1.082455,-0.262632,0.325724,-0.637654,-0.080196,0.267762,0.055601,0.172639,0.564098,0.105253
2003-11-03 14:21:44,-1.477428,1.336683,0.616906,0.776601,0.561879,-0.209257,-0.233087,-0.108927,0.131074,-0.091405
2003-11-07 14:51:44,-1.053451,-0.058932,0.554755,-0.749422,-0.513050,0.166124,0.040496,0.135817,0.100230,0.174975
2003-11-07 15:01:44,-0.343344,-0.203243,-1.091484,-0.137553,0.096504,-0.332624,0.511646,0.337718,-0.135260,0.026644
2003-11-07 15:11:44,1.562780,0.594774,0.068582,-0.054418,-0.347295,-0.478246,0.383818,-0.332589,0.677893,0.078087
2003-11-07 15:21:44,1.377305,0.423315,-0.470242,-0.825405,0.468246,-0.870266,0.206009,0.075570,-0.149507,-0.433547
2003-11-07 15:31:44,-0.749311,-0.158843,-1.075926,0.498782,-0.218197,-0.014493,0.424637,0.090858,-0.400326,-0.030669
2003-11-07 15:41:44,-0.987178,-0.479583,0.530822,-0.940058,0.090388,0.226801,-0.099070,-0.190786,0.242251,0.261125
2003-11-07 15:51:44,1.413456,0.722400,-0.130334,-0.210009,0.088513,-0.078959,0.171670,0.185849,0.534253,-0.018039
2003-11-07 16:01:44,0.239768,-1.047509,-0.109359,0.262331,0.280689,0.066198,-0.282606,0.078004,-0.142448,0.160538
2003-11-07 16:11:44,-0.960632,-0.367364,0.214391,-0.623722,0.218570,0.238464,0.437346,-0.209470,-0.392608,-0.353678
2003-11-07 16:21:44,-0.918997,0.904113,-0.352430,1.050234,-0.065158,-0.120957,-0.875749,-0.086683,0.071017,0.137429
2003-11-07 16:31:44,0.870123,-0.749515,0.093413,0.197025,0.395133,-0.465101,-0.133903,0.668853,-0.054640,0.213012
2003-11-07 16:41:44,-1.377190,1.346915,0.735353,0.680175,0.505884,-0.127404,-0.472852,-0.138561,0.112529,-0.189362
2003-11-07 16:51:44,1.439355,0.621237,0.133301,0.027220,-0.460783,0.399216,-0.196064,-0.400931,0.196544,0.082857
2003-11-07 17:01:44,0.125867,-0.461446,-0.974959,0.063501,0.482525,-0.163498,0.576251,0.344860,0.147610,-0.076898
2003-11-07 17:11:44,-1.148711,1.446349,0.834253,0.550837,0.680383,-0.050356,-0.418112,-0.120033,-0.068296,0.108100
2003-11-07 17:21:44,-0.131490,-0.911075,0.288510,-0.068697,0.781358,0.553610,0.343796,-0.141338,-0.119269,0.194055
2003-11-07 17:31:44,0.790799,-0.194611,0.966367,0.500711,-0.370953,0.589791,0.499834,0.165622,0.133705,-0.224602
2003-11-07 17:41:44,0.678952,-0.120861,0.890681,0.448147,-0.377709,0.669505,0.494159,0.128514,0.232569,-0.208495
2003-11-07 17:51:44,1.311535,0.285616,0.145137,0.476151,-0.614304,0.540610,0.027407,-0.426794,0.074368,-0.161049
2003-11-07 18:01:44,-0.874127,-0.535911,0.366438,-0.679477,0.048188,0.243054,-0.234534,-0.245628,0.305668,0.081909
2003-11-07 18:11:44,-1.453246,-0.024593,0.006434,-0.731486,-0.318003,0.127856,0.439868,0.047895,-0.084439,-0.062710
2003-11-07 18:21:44,1.625367,0.980152,-0.016404,-0.318539,-0.174554,0.040357,0.095759,-0.129844,0.368730,0.233058
2003-11-07 18:31:44,0.127213,-0.897792,-0.509212,0.410013,0.483392,0.403847,0.185616,0.027649,0.186022,0.252567
2003-11-07 18:41:44,0.446851,-0.848347,-0.591104,-0.177336,0.905007,-0.194874,0.069227,0.063332,0.413461,-0.008771
2003-11-07 18:51:44,-0.962011,-0.108063,-1.080397,0.070022,-0.705102,-0.020866,0.051207,0.147812,0.019292,0.129533
2003-11-07 19:01:44,1.836357,1.072888,-0.188732,-0.424553,-0.106568,-0.232851,0.282799,-0.005667,0.529155,-0.157361
2003-11-07 19:11:44,-0.970888,0.090634,-0.975968,0.342780,-0.662115,-0.066719,-0.193438,0.249256,0.066009,0.175602
2003-11-07 19:21:44,1.607846,1.147817,-0.133060,-0.499915,-0.115166,0.060199,-0.187114,-0.077562,0.245523,0.008298
2003-11-07 19:31:44,0.831575,-0.465358,-0.253587,-0.157031,0.658396,-0.573829,0.261885,0.305345,0.364839,-0.907611
2003-11-07 19:41:44,-1.543368,1.066928,0.498332,0.418978,0.302049,-0.144951,-0.085576,-0.007035,-0.023744,-0.056673
2003-11-07 19:51:44,0.023033,-0.655013,0.960695,-0.106145,-0.166561,0.059143,-0.346931,0.473916,-0.073766,0.269138
2003-11-07 20:01:44,-1.645963,1.277022,0.543534,0.747605,0.457946,-0.262223,-0.088864,-0.039793,-0.007785,0.153227
2003-11-07 20:11:44,0.326980,-1.018411,-0.003722,0.289651,0.376136,0.048334,-0.413916,0.032369,0.042702,-0.280623
2003-11-07 20:21:44,-1.058739,0.187150,-0.905867,0.277074,-0.417536,-0.194759,-0.037009,-0.073447,0.026440,0.036298
2003-11-07 20:31:44,-1.296429,0.823066,-0.001548,0.845165,-0.065920,-0.049265,-0.149928,0.103469,0.098862,-0.008792
2003-11-07 20:41:44,0.456336,-0.760504,0.158310,0.394214,-0.355847,0.173171,-0.244177,0.303426,0.354846,0.030637
2003-11-07 20:51:44,-1.571552,0.220991,-0.012822,-0.485607,-0.423401,0.178057,0.588617,0.262036,0.027472,0.033556
2003-11-07 21:01:44,-1.207862,1.478920,0.759628,0.743564,0.767721,-0.150647,-0.363923,-0.078509,-0.089952,0.118723
2003-11-07 21:11:44,-1.477153,0.149181,-0.068409,-0.512309,-0.534993,0.244486,0.577267,0.329833,0.070294,-0.014434
2003-11-07 21:21:44,1.321852,0.334522,0.214750,0.433705,-0.580565,0.575528,0.019998,-0.448164,0.120575,-0.327032
2003-11-07 21:31:44,1.524813,0.871999,-0.027040,-0.071051,-0.335214,0.090648,0.352801,-0.446932,0.341758,0.270321
2003-11-07 21:41:44,1.475273,0.793991,-0.285165,-0.036411,0.097452,0.249447,0.285436,0.212530,0.250265,-0.401523
2003-11-07 21:51:44,-1.094743,-0.067884,-0.887501,-0.118925,-0.705995,-0.022826,0.084702,0.090763,0.152271,-0.043534
2003-11-07 22:01:44,0.887765,-0.548813,0.338274,0.377948,-0.120741,-0.287144,-0.022753,0.572222,-0.224283,-0.965454
2003-11-07 22:11:44,-0.851493,-0.508010,-0.770889,-0.358546,-0.389030,-0.067335,-0.261242,-0.316407,-0.087907,0.117612
2003-11-07 22:21:44,-0.078425,-0.344226,1.313735,-0.392129,-0.319464,-0.064574,0.005018,0.168555,-0.026950,-0.144520
2003-11-07 22:31:44,0.784983,-0.095949,-0.032470,0.415601,-0.139740,0.523312,-0.056366,-0.385357,0.372069,0.170251
2003-11-07 22:41:44,-0.105228,-0.871867,-0.440207,-0.111753,0.341627,0.090132,-0.327072,-0.379128,-0.096756,-0.001399
2003-11-08 10:22:19,0.765427,-0.350589,0.514246,0.440800,-0.724611,0.312419,-0.098535,0.036152,0.594838,-0.352834
2003-11-08 10:31:44,-0.975013,-0.391506,-0.341012,-0.743534,-0.280992,-0.124359,-0.364803,-0.368029,0.103771,-0.190821
2003-11-08 10:41:44,1.185037,-0.429232,0.106829,0.024032,0.316059,-0.701717,0.108154,0.730683,0.092733,-0.976179
2003-11-08 10:51:44,0.826960,-0.735058,0.127782,0.130641,0.301591,-0.474575,-0.184836,0.685322,-0.106953,0.237164
2003-11-08 11:01:44,0.173653,-1.071523,-0.183898,0.081147,0.722913,0.359919,-0.005807,-0.277232,0.078174,-0.013712
2003-11-08 11:11:44,0.532204,-0.783261,0.176125,0.517996,-0.202872,0.078660,-0.396281,0.263191,0.291477,0.043674
2003-11-08 11:21:44,1.282484,0.056187,0.070384,0.480503,-0.506026,0.646098,-0.045903,-0.288592,0.266020,-0.503393
2003-11-08 11:31:44,0.295257,-1.017700,-0.162102,0.335921,0.228480,0.034176,-0.231878,0.190277,-0.180997,0.049615
2003-11-08 11:41:44,0.542835,-0.477933,-0.303283,-0.584600,1.042617,-0.356264,0.296173,-0.117971,0.321299,0.543067
2003-11-08 11:51:44,0.070963,-0.998723,-0.051031,0.103357,0.736674,0.412065,0.100723,-0.270597,0.075498,-0.016982
2003-11-08 12:01:44,0.410837,-0.795513,-0.401277,-0.117040,0.688064,0.020441,-0.122444,-0.538316,0.267794,0.109923
2003-11-08 12:11:44,-1.595437,0.299053,-0.035319,-0.370213,-0.383484,0.115543,0.532161,0.220272,-0.017275,0.082301
2003-11-08 12:21:44,-0.230665,-0.751668,0.682904,-0.223895,0.132920,0.166258,-0.293325,0.192371,0.091233,0.150131
2003-11-08 12:31:44,1.465580,0.107482,0.173022,0.003001,-0.236898,-0.935480,0.183239,-0.276146,-0.430685,0.287351
2003-11-08 12:41:44,0.583239,-0.521659,-0.591653,-0.497836,0.973399,-0.483384,0.125905,-0.202777,0.350661,0.363162
2003-11-08 12:51:44,-1.609803,0.877011,0.296449,0.150992,0.331746,-0.226488,0.391296,-0.136002,-0.197203,0.115283
2003-11-08 13:01:44,0.667763,-0.893117,0.087323,0.477250,0.065223,0.195618,-0.283039,0.161131,0.460898,-0.120604
2003-11-08 13:11:44,-0.183817,-0.688143,0.826946,-0.183060,0.509318,0.316044,0.325215,0.120366,0.098225,-0.279136
2003-11-08 13:21:44,1.255007,0.311379,0.124037,0.442036,-0.552699,0.564620,0.068552,-0.480055,0.097921,-0.137456
2003-11-08 13:31:44,1.036344,-0.328155,0.321665,0.701265,-0.454328,0.347209,0.043937,-0.014010,0.530273,-0.623647
2003-11-08 13:41:44,-1.469794,0.180878,-0.098507,-0.505684,-0.491888,0.248357,0.614206,0.350975,-0.002655,0.165055
2003-11-08 13:51:44,1.165610,0.673302,0.735028,0.010604,-0.489561,0.773073,0.530315,-0.428705,-0.044498,0.143969
2003-11-08 14:01:44,0.371500,-1.061380,-0.143412,0.269324,0.457973,0.157379,-0.099967,-0.160202,-0.001941,-0.020113
2003-11-08 14:11:44,-1.294275,0.749372,-0.323572,0.509769,-0.069218,-0.294600,-0.292373,-0.066541,0.334172,-0.115510
2003-11-08 14:21:44,-0.068992,-0.876503,-0.586213,0.085016,0.404058,0.237449,0.113769,-0.396312,-0.170289,-0.483361
2003-11-08 14:31:44,1.485401,0.160931,0.142530,0.252554,-0.570699,-0.069142,0.107772,-0.487482,-0.174923,-0.333479
2003-11-08 14:41:44,1.550944,1.469609,-0.428310,-0.610414,0.165020,0.448477,-0.427673,0.134314,-0.090702,-0.018210
2003-11-08 14:51:44,0.590225,-0.064145,1.332642,-0.036337,-0.232699,-0.150276,0.436859,-0.112153,-0.500639,-0.439509
2003-11-08 15:01:44,1.086825,-0.363881,0.262421,0.452322,-0.382118,-0.368159,0.017851,-0.321505,-0.627560,-0.272973
2003-11-08 15:11:44,-0.913594,1.175609,0.663700,0.603461,0.403487,0.188287,-0.522327,-0.257044,0.022257,-0.258457
2003-11-08 15:21:44,1.331930,1.451205,-0.660167,-0.561292,0.392079,0.694967,-0.652228,0.271602,-0.457333,0.228720
2003-11-08 15:31:44,0.503237,-1.005492,0.353674,0.206805,0.124877,-0.007403,0.009010,0.060298,-0.266008,-0.189240
2003-11-08 15:41:44,0.484441,0.078396,1.199182,0.167120,-0.280671,0.612874,0.497280,0.154882,0.506905,-0.542170
2003-11-08 15:51:44,-0.126929,-1.025288,-0.573745,-0.018720,0.256771,0.157625,-0.198250,-0.264859,0.073150,-0.238885
2003-11-08 16:01:44,-0.815869,-0.353335,0.735593,-0.683882,-0.166492,0.058116,-0.132945,0.100221,0.249077,0.183148
2003-11-08 16:11:44,-0.881086,-0.514413,-0.182501,-0.359044,0.023788,0.310757,0.684877,-0.136523,-0.530795,-0.363268
2003-11-08 16:21:44,-0.256675,0.020067,-1.514073,-0.020349,0.046895,-0.484341,0.573329,0.799918,0.081992,-0.437359
2003-11-08 16:31:44,-0.026912,-0.646391,1.252638,-0.134105,0.099666,0.162858,-0.050634,0.542817,-0.112409,0.181307
2003-11-08 16:41:44,1.488359,0.184861,0.138340,-0.128786,-0.128756,-1.034117,0.288611,-0.168342,-0.322411,0.296366
2003-11-08 16:51:44,1.597649,0.963509,-0.222954,-0.251422,-0.271555,0.011971,-0.075204,-0.180046,0.318833,-0.019773
2003-11-08 17:01:44,0.797435,-0.191335,1.006501,0.212800,-0.347548,-0.104521,0.420453,-0.168325,-0.692912,-0.338435
2003-11-08 17:11:44,-1.117081,-0.115375,0.615297,-0.803801,-0.063065,-0.208396,-0.094477,-0.135620,-0.359753,-0.370265
2003-11-08 17:21:44,0.097564,-1.003745,-0.414464,0.206736,0.638272,0.242993,-0.054026,-0.317277,0.062109,0.015619
2003-11-08 17:31:44,0.280993,-0.696565,-0.397964,0.045709,0.433791,0.084341,0.144596,-0.665006,0.003925,-0.048882
2003-11-08 17:41:44,-0.943868,-0.119931,-1.066732,0.036022,-0.707979,-0.015411,0.060601,0.158248,0.069855,-0.000770
2003-11-08 17:51:44,0.554402,-0.690208,0.224069,0.610084,-0.090141,0.208195,-0.079626,0.433213,0.331388,0.115116
2003-11-08 18:01:44,1.096374,-0.113871,0.186809,-0.372644,0.334843,-0.668644,0.377413,-0.117389,-0.089867,0.343875
2003-11-08 18:11:44,-0.220550,-0.881454,0.434757,-0.232962,0.753650,0.557393,0.222950,-0.184777,0.153481,-0.080719
2003-11-08 18:21:44,-0.494460,-0.678005,0.166220,-0.474661,0.451541,0.008893,-0.542696,-0.445411,0.568629,0.143301
2003-11-08 18:31:44,-0.669946,-0.608827,-0.673810,-0.533963,-0.409132,-0.062538,-0.423803,-0.428313,-0.002287,-0.346496
2003-11-08 18:41:44,-1.267705,-0.243596,0.271295,-0.994178,-0.111236,0.108180,0.080742,-0.232764,-0.048306,-0.231926
2003-11-08 18:51:44,0.166160,-0.881302,-0.052831,-0.035206,0.060821,-0.010821,-0.652292,-0.191076,0.402257,0.080967
2003-11-08 19:01:44,1.001545,-0.617995,0.434687,0.593335,-0.295142,-0.170110,-0.025126,-0.029202,-0.471238,-0.076120
2003-11-08 19:11:44,1.073127,1.473831,-0.034671,-0.563111,0.510100,1.008007,-0.119129,0.360813,-0.896484,0.344987
2003-11-08 19:21:44,-0.536376,-0.569143,-0.527054,-0.186747,-0.282334,0.110490,-0.376925,-0.015677,0.418486,0.361003
2003-11-08 19:31:44,0.555821,-0.540471,0.426732,0.253326,-0.625832,-0.279840,-0.542411,0.086835,-0.152829,-0.016162
2003-11-08 19:41:44,0.236312,-0.601428,-0.997851,-0.077501,0.549766,-0.221369,0.322899,0.647194,0.441808,-0.209965
2003-11-08 19:51:44,1.351196,0.657148,-0.002169,-0.130198,-0.390800,0.247826,-0.344177,-0.435289,-0.377662,-0.169345
2003-11-08 20:01:44,1.515191,1.422953,-0.492509,-0.537974,0.288971,0.518142,-0.373121,0.072881,-0.324562,0.189372
2003-11-08 20:11:44,0.865245,-0.713415,0.296858,0.533812,-0.228099,-0.175385,-0.184601,0.050717,-0.325793,-0.334161
2003-11-08 20:21:44,1.544239,1.216242,-0.351131,-0.369812,0.091930,0.470300,-0.101990,-0.131492,-0.057956,0.511527
2003-11-08 20:31:44,-1.594761,1.012742,0.390589,0.571775,0.057843,-0.096707,-0.064135,0.146883,0.177165,0.140710
2003-11-08 20:41:44,1.034592,-0.421577,0.375682,0.425540,-0.342885,-0.336743,-0.001565,-0.279187,-0.605341,-0.001681
2003-11-08 20:51:44,1.502035,1.474104,-0.548776,-0.575622,0.197270,0.663914,-0.553768,0.146583,-0.269526,0.058259
2003-11-08 21:01:44,1.171956,-0.173563,0.239749,0.587077,-0.615822,-0.127383,0.167315,-0.303659,-0.056183,-0.349447
2003-11-08 21:11:44,1.331451,1.364196,-0.671003,-0.345363,0.187635,0.838133,-0.731442,0.102555,-0.783742,0.327998
2003-11-08 21:21:44,1.350109,0.558405,-0.007573,0.225130,-0.384797,0.350106,0.184157,-0.571594,0.181512,0.177765
2003-11-08 21:31:44,0.293923,-0.771593,-0.165315,-0.250601,1.016217,0.001727,0.352286,0.083884,0.193380,0.174282
2003-11-08 21:41:44,-0.949532,0.036230,-0.396009,0.324756,-0.285179,0.405938,0.645799,0.412817,-0.325834,-0.137961
2003-11-08 21:51:44,0.960831,-0.712627,0.361066,0.593500,-0.260498,-0.117061,-0.105576,0.159835,-0.417760,-0.301439
2003-11-08 22:01:44,-1.217245,0.454707,-0.525458,0.131572,-0.263066,-0.276909,-0.123122,0.068334,0.222786,-0.256526
2003-11-08 22:11:44,1.155611,-0.530455,0.106726,0.299622,-0.268899,-0.440887,0.000893,-0.290864,-0.361225,-0.421986
2003-11-08 22:21:44,1.448311,0.305744,0.035418,-0.272386,-0.068026,-0.893197,-0.060660,-0.020574,-0.440901,0.086657
2003-11-08 22:31:44,-0.414290,-0.252276,-0.586785,0.629925,-0.028426,0.246329,0.040185,0.300886,0.117276,0.101474
2003-11-08 22:41:44,1.601936,0.314138,-0.036745,-0.359829,0.071756,-1.250523,0.104662,0.252632,-0.205270,-0.053544
2003-11-08 22:51:44,0.403856,-0.833010,-0.568288,-0.206176,0.892517,-0.191665,0.055806,0.008058,0.356255,-0.035768
2003-11-08 23:01:44,1.558077,0.649638,-0.275052,-0.125154,0.000189,-0.364021,0.424610,0.033708,0.715148,-0.370129
2003-11-08 23:11:44,-1.388877,1.320069,0.737622,0.688739,0.488660,-0.133312,-0.447004,-0.155494,0.127007,-0.190202
2003-11-08 23:21:44,-1.446780,0.095280,0.147785,-0.525588,-0.237148,0.117130,0.286539,0.094051,0.094315,0.017537
2003-11-08 23:31:44,-1.592957,1.057426,0.405463,0.477958,0.204599,-0.134879,0.009602,0.186364,-0.024613,0.196996
2003-11-08 23:41:44,0.209380,-1.045185,-0.394594,0.186432,0.679071,0.292713,-0.051842,-0.254013,0.062117,0.211290
2003-11-08 23:51:44,0.090573,-0.465101,0.190107,-0.011745,-0.823788,-0.098983,-0.830059,0.232848,0.423131,0.294264
2003-11-09 00:01:44,-1.374836,1.321201,0.678732,0.578563,0.442164,-0.096519,-0.417698,-0.114772,0.061926,-0.269682
2003-11-09 00:11:44,1.313166,0.338283,0.199355,0.470654,-0.566975,0.539293,0.010254,-0.495866,0.122057,-0.275775
2003-11-09 00:21:44,0.059374,0.090204,1.134607,-0.198822,-0.383233,0.589358,0.105451,0.198734,0.760844,-0.134176
2003-11-09 00:31:44,1.300108,0.379739,0.573822,-0.434550,-0.045149,-0.770521,0.293663,0.095148,-0.468838,0.145929
2003-11-09 00:41:44,-0.552941,-0.584626,0.314152,-0.413666,0.609735,0.420668,0.622505,-0.131396,-0.207892,-0.411668
2003-11-09 00:51:44,-0.034512,-1.013944,-0.347861,-0.044974,0.546348,0.233339,-0.034160,-0.323640,0.133172,-0.270065
2003-11-09 01:01:44,1.268633,0.086482,0.211395,0.595183,-0.726119,0.275787,0.183475,-0.443166,0.282608,-0.305377
2003-11-09 01:11:44,1.367414,-0.062583,0.117657,-0.232568,0.015295,-0.986568,0.145901,-0.062092,-0.215702,0.583505
2003-11-09 01:21:44,0.218044,-0.758013,0.188159,0.196293,-0.211548,-0.207785,-0.498772,0.243976,-0.489671,0.134287
2003-11-09 01:31:44,0.076278,-0.869478,-0.527486,0.389030,0.430538,0.365881,0.121198,0.054468,0.250168,0.261616
2003-11-09 01:41:44,1.582154,0.491969,0.128280,-0.125535,-0.364844,-0.667606,0.216500,-0.255773,0.545201,-0.003335
2003-11-09 01:51:44,1.676139,1.291770,-0.219540,-0.726213,0.142766,0.108943,-0.277869,0.594786,0.429544,-0.663529
2003-11-09 02:01:44,1.409082,0.279183,-0.223284,-0.570236,0.346208,-1.030779,0.475955,-0.130752,0.077110,-0.328386
2003-11-09 02:11:44,-1.479391,0.160738,-0.138531,-0.492803,-0.509042,0.231248,0.574968,0.339569,0.103176,-0.049620
2003-11-09 02:21:44,-1.223176,-0.272824,0.279225,-1.014645,-0.139459,0.135951,0.054328,-0.248205,-0.082834,-0.164541
2003-11-09 02:31:44,-0.126676,-0.909079,-0.262315,-0.170571,0.344956,0.150224,-0.510970,-0.352432,0.420195,0.313346
2003-11-09 02:41:44,1.059807,-0.724586,0.200324,0.228371,0.201576,-0.532548,-0.117676,0.489156,-0.051466,-0.111568
2003-11-09 02:51:44,1.528180,0.326667,0.066709,0.068309,-0.160169,-0.386952,0.430853,-0.239505,0.038060,0.174695
2003-11-09 03:01:44,0.913203,-0.026153,-0.027052,0.645070,-0.134920,0.836931,-0.021116,-0.030362,0.020984,-0.247686
2003-11-09 03:11:44,-0.818033,-0.326860,0.569845,-0.378148,0.415145,0.432343,0.288479,0.194724,0.533523,0.528495
2003-11-09 03:21:44,-1.514792,0.228498,-0.067016,-0.442495,-0.440947,0.173290,0.529434,0.273757,0.088814,-0.109314
2003-11-09 03:31:44,-0.671080,-0.598679,-0.722488,-0.520988,-0.369556,-0.109983,-0.448701,-0.412439,-0.099837,-0.121895
2003-11-09 03:41:44,-0.218867,-0.397720,1.306343,-0.492287,-0.598322,-0.093296,-0.207879,0.416778,-0.046556,0.037346
2003-11-09 03:51:44,0.184798,-1.083365,-0.426987,0.127022,0.631545,0.278544,-0.041702,-0.314876,0.069990,-0.084659
2003-11-09 04:01:44,-0.591709,-0.692666,-0.174642,-0.462884,-0.043772,0.095671,-0.470418,-0.378446,0.186423,0.239788
2003-11-09 04:11:44,-1.621613,1.238391,0.507956,0.696535,0.412232,-0.275923,-0.044161,-0.047068,0.030526,0.054993
2003-11-09 04:21:44,0.167900,-0.800154,0.221295,0.116321,-0.427095,-0.160748,-0.318686,0.381571,-0.655878,0.088323
2003-11-09 04:31:44,-1.269009,-0.187462,0.242461,-0.905886,-0.121441,0.118029,0.057318,-0.184254,-0.072735,-0.094245
2003-11-09 04:41:44,-0.990620,-0.384522,-0.825963,-0.169663,-0.387563,-0.176317,-0.196821,-0.308853,-0.181753,0.150907
2003-11-09 04:51:44,-0.242620,-0.608187,0.007309,-0.148010,-0.906503,-0.406852,-0.772024,0.304642,-0.213282,0.071721
2003-11-09 05:01:44,-0.403000,0.184729,-0.614808,1.411677,0.326316,0.129509,0.044468,0.256469,0.093264,-0.055235
2003-11-09 05:11:44,-0.383911,-0.691115,-0.814665,-0.092424,-0.029667,-0.018284,-0.084414,-0.386679,-0.350521,-0.481084
2003-11-09 05:21:44,1.470788,0.498840,-0.144679,-0.436670,0.121984,-0.500473,-0.179214,-0.001006,-0.628849,0.183642
2003-11-09 05:31:44,0.520932,-0.758104,-0.174814,0.004848,0.608824,-0.365628,-0.010793,0.463435,-0.108330,0.282534
2003-11-09 05:41:44,1.322044,0.235224,0.419654,0.125059,-0.557824,-0.195033,0.208847,-0.545238,-0.035699,0.198497
2003-11-09 05:51:44,-0.116766,-0.176475,-1.060434,0.272794,0.361475,-0.094907,0.876381,0.518240,0.096907,-0.094922
2003-11-09 06:01:44,-0.824934,-0.320246,-0.883152,-0.164714,-0.524235,-0.033869,-0.226947,-0.121176,0.105862,-0.089711
2003-11-09 06:11:44,1.612841,0.656151,0.105998,-0.024631,-0.300639,0.049580,0.484363,-0.170209,0.208564,0.390423
2003-11-09 06:21:44,1.590274,1.266088,-0.342173,-0.528409,0.243508,0.230367,0.066293,0.385710,0.183677,-0.290417
2003-11-09 06:31:44,-1.503663,0.799938,0.247017,0.347887,-0.207186,0.100473,-0.018176,0.381824,0.252605,0.088370
2003-11-09 06:41:44,-1.658008,0.379997,0.011883,-0.283326,-0.304326,0.055790,0.518172,0.247917,-0.022341,0.106636
2003-11-09 06:51:44,-1.506138,1.261387,0.486997,0.706452,0.449687,-0.246552,-0.078163,-0.050447,0.120893,-0.126463
2003-11-09 07:01:44,0.578537,-0.664970,0.222147,0.300474,0.086996,0.070183,0.121088,-0.348445,-0.111670,-0.403548
2003-11-09 07:11:44,-0.733044,-0.584053,-0.716925,-0.497001,-0.403434,-0.044322,-0.343050,-0.360534,-0.162537,0.068423
2003-11-09 07:21:44,-1.078416,0.622577,-0.648793,0.864759,-0.167093,-0.341844,-0.416392,-0.148536,0.072937,0.043259
2003-11-09 07:31:44,-1.636211,0.893743,0.288453,0.219371,0.320907,-0.241785,0.354322,-0.158897,-0.055114,-0.127467
2003-11-09 07:41:44,-1.528909,0.481501,-0.004066,-0.094108,-0.381621,0.084868,0.317995,0.414839,0.105969,0.050427
2003-11-09 07:51:44,0.081298,-1.039072,-0.375175,0.150259,0.569813,0.261401,-0.112901,-0.312254,0.066998,0.049635
2003-11-09 08:01:44,-1.443716,1.361082,0.626586,0.660274,0.566683,-0.295451,-0.283497,-0.028131,0.000349,-0.005931
2003-11-09 08:11:44,-0.699583,-0.597798,0.663166,-0.670720,0.488678,0.298353,-0.100167,-0.194199,0.609833,-0.141755
2003-11-09 08:20:39,0.079881,-0.998895,-0.473503,0.263466,0.647496,0.295433,0.129756,-0.160323,0.081074,0.359605
2003-11-09 08:25:58,-1.591586,1.026119,0.395279,0.585322,0.072005,-0.089336,-0.049267,0.154992,0.166817,0.190545
2003-11-09 08:35:58,1.556102,1.135308,-0.482859,-0.490621,0.211549,0.110331,0.171365,0.059311,0.309540,-0.178092
2003-11-09 08:45:58,-0.097854,-0.731771,0.891363,-0.319897,0.467404,0.360796,0.276432,0.123814,0.015527,0.042545
2003-11-09 08:55:58,0.165822,-1.077086,-0.299171,0.153471,0.627278,0.268445,-0.199454,-0.363185,0.159434,0.008360
2003-11-09 09:05:58,0.468895,-1.000846,-0.057628,0.297613,0.395935,0.086118,-0.234926,-0.123371,-0.024736,0.002714
2003-11-09 09:15:58,-0.394676,-0.667991,0.634232,-0.479808,-0.367260,-0.060388,-0.475998,0.247505,-0.172835,0.255914
2003-11-09 09:25:58,0.399688,-0.911807,0.839365,0.186971,0.226541,0.244277,0.119801,0.515004,-0.505511,0.288279
2003-11-09 09:35:58,0.091576,-0.538948,1.109647,-0.070584,0.203597,0.430066,0.301008,0.440355,0.179122,0.225104
2003-11-09 09:45:58,0.373775,-0.844559,-0.595202,-0.060400,0.913090,-0.150271,0.233127,0.056399,0.268119,0.199338
2003-11-09 09:55:58,-1.341468,0.208781,0.477214,-0.578395,0.446435,-0.216646,-0.035232,-0.632563,-0.177928,-0.450725
2003-11-09 10:05:58,-0.843374,-0.351023,-0.921351,-0.255729,-0.556566,-0.087872,-0.223466,-0.264472,-0.017619,-0.329249
2003-11-09 10:15:58,-1.078967,1.371411,0.801553,0.586132,0.610875,0.045650,-0.475495,-0.164154,-0.018592,-0.123406
2003-11-09 10:25:58,1.519461,0.331560,0.152109,-0.013227,-0.257987,-0.774945,0.333464,-0.217715,0.223644,0.263452
2003-11-09 10:35:58,1.155614,0.073242,0.245317,0.439740,-0.726301,0.295419,0.116153,-0.525391,0.408119,-0.162963
2003-11-09 10:45:58,1.449032,0.924000,-0.480242,0.024872,-0.095836,0.876191,-0.219471,-0.267156,-0.255056,0.084776
2003-11-09 10:55:58,-1.339119,1.424612,0.728726,0.683434,0.641634,-0.230690,-0.420975,-0.080015,0.041271,-0.070847
2003-11-09 11:05:58,-0.483334,0.310015,-1.191715,0.518438,0.188733,-0.493892,0.496576,0.470026,-0.048372,0.027278
2003-11-09 11:15:58,0.838742,-0.530670,0.536246,0.434082,-0.297319,0.523221,0.038519,0.141736,0.542355,-0.089922
2003-11-09 11:25:58,0.716895,-0.293678,0.924535,0.381501,-0.205909,0.508043,0.418282,0.194049,-0.268903,-0.234374
2003-11-09 11:35:58,0.715137,0.097433,-0.720557,-0.961944,0.989307,-0.592534,0.106079,0.175212,0.260098,-0.399999
2003-11-09 11:45:58,-1.179350,1.461200,0.870796,0.569828,0.700427,-0.050780,-0.449870,-0.161576,-0.088305,-0.009534
2003-11-09 11:55:58,1.671495,0.670047,0.046860,0.049706,-0.382250,-0.468149,0.393795,-0.374706,0.671656,-0.047271
2003-11-09 12:05:58,1.531777,0.333401,0.155259,0.011674,-0.294971,-0.795429,0.381997,-0.180476,0.338511,-0.041942
2003-11-09 12:15:58,-1.291133,1.410328,0.541391,0.707788,0.693783,-0.207715,-0.098613,0.001041,-0.078438,0.139342
2003-11-09 12:25:58,-0.899338,-0.067485,-0.779662,0.074564,-0.338983,-0.176026,-0.298628,-0.269053,-0.035851,-0.137875
2003-11-09 12:35:58,1.146239,0.448174,-0.196217,0.434817,-0.190252,1.119825,-0.161362,-0.301316,-0.052108,-0.297549
2003-11-09 12:45:58,0.771756,-0.772568,0.019917,0.090533,0.373778,-0.569780,-0.126179,0.589772,-0.140375,0.174878
2003-11-09 12:55:58,-1.629785,1.231602,0.506492,0.677086,0.406510,-0.259068,-0.046847,-0.004301,0.016421,0.053486
2003-11-09 13:05:58,0.706803,-0.049574,0.753077,0.477933,-0.160545,0.860191,0.473293,0.124701,0.203088,-0.332755
2003-11-09 13:15:58,1.604665,0.566686,0.105837,0.090337,-0.481895,-0.307468,0.393875,-0.342337,0.542956,0.175444
2003-11-09 13:25:58,1.640914,0.598111,0.080744,-0.006090,-0.359673,-0.450002,0.397092,-0.262722,0.623499,0.047754
2003-11-09 13:35:58,-0.782146,-0.111174,0.064307,-0.425495,-0.229930,-0.539095,-0.606345,-0.090999,-0.291455,-0.180042
2003-11-09 13:45:58,-1.050298,-0.035991,-0.982363,0.124854,-0.689890,-0.011955,0.065734,0.170938,0.054033,0.171642
2003-11-09 13:55:58,0.255221,0.051981,0.812894,0.096205,-0.466153,0.616702,0.095100,0.087744,0.265579,0.148946
2003-11-09 14:05:58,0.457857,-0.736457,-0.655657,-0.388546,0.995658,-0.347479,0.115262,0.504657,0.493280,-0.430876
2003-11-09 14:15:58,-1.250058,0.301217,-0.597577,0.054275,-0.561061,-0.132090,-0.116929,0.199202,0.305931,-0.131275
2003-11-09 14:25:58,-1.181748,0.043148,0.072336,-0.236530,-0.055309,0.397870,0.760066,0.334870,0.189457,0.126158
2003-11-09 14:35:58,-1.279071,0.549357,-0.446634,0.074944,-0.015489,-0.354517,0.040175,-0.246654,0.099467,-0.394253
2003-11-09 14:45:58,0.341170,-1.141262,-0.173896,0.195474,0.550697,0.066262,-0.255413,-0.144538,-0.106516,-0.028507
2003-11-09 14:55:58,-1.683834,1.118253,0.451053,0.618756,0.190646,-0.223418,-0.103430,0.033710,0.192666,-0.026249
2003-11-09 15:05:58,0.774729,-0.860848,0.163188,0.425157,-0.043798,-0.134879,-0.024038,-0.124039,-0.340598,-0.328618
2003-11-09 15:15:58,0.105545,-0.862749,-0.468582,0.377020,0.489120,0.408781,0.183487,0.033841,0.160877,0.276743
2003-11-09 15:25:58,-0.603654,-0.306550,-0.359596,0.356976,0.151820,0.573034,1.051648,0.367618,-0.262121,-0.112150
2003-11-09 15:35:58,-1.556534,0.285185,-0.077782,-0.387633,-0.409359,0.178665,0.516308,0.311645,0.020149,0.076419
2003-11-09 15:45:58,-1.040265,0.373284,-0.754619,0.590092,-0.267270,-0.233123,-0.129220,-0.195636,0.055826,0.004328
2003-11-09 15:55:58,-0.648936,-0.625210,0.641563,-0.713143,0.500312,0.370777,0.022414,-0.134570,0.477491,0.151162
2003-11-09 16:05:58,0.428346,-0.926985,-0.493791,0.004075,0.861519,-0.000383,-0.014968,-0.128077,0.252714,-0.018605
2003-11-09 16:15:58,1.438790,1.167661,-0.465559,-0.432452,0.165401,0.273354,-0.245750,-0.041685,0.017754,0.045555
2003-11-09 16:25:58,0.099230,-0.380135,1.307531,-0.080889,-0.255233,0.002655,0.170291,0.322065,-0.204521,-0.306176
2003-11-09 16:35:58,1.645104,0.533398,0.261657,-0.107629,-0.342926,-0.591936,0.491893,-0.281658,0.305018,0.390673
2003-11-09 16:45:58,0.622298,-0.125126,-0.732485,-0.223285,0.524325,-0.426971,0.441215,-0.578022,0.007901,0.718567
2003-11-09 16:55:58,-1.200725,0.304822,0.412947,-0.572369,0.651675,-0.322802,0.034858,-0.558457,-0.300081,-0.356759
2003-11-09 17:05:58,-1.366733,0.071938,-0.244647,-0.312376,-0.567971,0.286377,0.519421,0.251117,0.014602,-0.083966
2003-11-09 17:15:58,-1.053082,0.187982,-0.840814,0.357123,-0.557328,-0.088332,-0.176399,0.130894,-0.023382,0.240876
2003-11-09 17:25:58,-0.390805,-0.698076,0.132686,-0.485935,0.498953,-0.003280,-0.533496,-0.419059,0.620754,0.033589
2003-11-09 17:35:58,0.583606,-0.602289,0.978487,0.341892,-0.042492,0.171764,0.417488,0.243198,-0.664080,0.014751
2003-11-09 17:45:58,-0.175616,-0.557193,0.008093,0.081846,-0.460856,-0.231912,-0.047866,0.293252,-0.926995,-0.106856
2003-11-09 17:55:58,0.687202,-0.968677,0.263515,0.485453,0.103522,-0.062755,-0.392600,0.405631,-0.238643,0.077423
2003-11-09 18:05:58,-1.572806,1.252153,0.428434,0.661378,0.393611,-0.312258,-0.095202,-0.015416,0.170948,-0.296255
2003-11-09 18:15:58,-1.490852,0.219088,-0.074632,-0.481467,-0.437799,0.203631,0.574300,0.314696,0.027781,0.027783
2003-11-09 22:02:15,0.101103,-1.039946,-0.375893,0.150904,0.577000,0.270170,-0.132452,-0.328263,0.169745,-0.052238
2003-11-09 22:05:58,0.512427,-0.965881,0.082531,0.346972,-0.114900,-0.132875,-0.312445,0.363412,-0.270847,-0.318591
2003-11-09 22:15:58,1.497322,1.557340,-0.530066,-0.573560,0.320132,0.785992,-0.421201,0.175828,-0.477102,0.340091
2003-11-09 22:25:58,1.215264,0.387450,0.191068,0.428606,-0.677399,0.602466,0.016909,-0.486268,0.174166,-0.272729
2003-11-09 22:35:58,-1.102266,0.018116,-1.031480,0.230059,-0.615147,-0.114230,0.006175,0.109497,0.077766,0.046669
2003-11-09 22:45:58,-0.657899,0.657997,-0.325847,0.578345,0.334878,-0.144394,0.592510,0.748353,-0.132897,0.155232
2003-11-09 22:55:58,1.513987,1.297119,-0.131093,-0.557608,-0.054022,0.124943,-0.242049,0.111670,0.213318,-0.173410
2003-11-09 23:05:58,-0.227154,-0.530782,0.061719,-0.030003,-0.722625,-0.542088,-0.925902,0.155428,-0.242463,0.059439
2003-11-09 23:15:58,-1.493766,1.367037,0.525476,0.721496,0.579297,-0.379540,-0.226456,-0.037316,-0.004204,0.055225
2003-11-09 23:25:58,0.994372,-0.371777,0.329556,0.385896,-0.504096,-0.334865,0.067842,-0.250247,-0.664757,0.021980
2003-11-09 23:35:58,-0.703688,0.042070,-0.964852,0.738107,-0.096867,-0.029795,0.299398,0.048073,-0.246784,-0.175139
2003-11-09 23:45:58,0.815028,-0.456517,-0.238155,0.000232,0.713330,-0.246910,-0.020815,0.910672,0.789389,-0.269096
2003-11-09 23:55:58,0.083911,-1.067004,-0.469465,0.066541,0.529194,0.234198,-0.094052,-0.277846,0.068215,-0.122178
2003-11-10 00:05:58,-0.049044,-0.861995,-0.688815,0.139255,0.398360,0.199479,0.162394,-0.284331,-0.261870,-0.184801
2003-11-10 00:15:58,0.436412,-0.837565,-0.497098,-0.220790,0.918929,-0.184303,-0.015395,-0.001848,0.323377,0.195607
2003-11-10 00:25:58,1.707458,0.608622,0.095269,-0.077834,-0.342019,-0.473413,0.412609,-0.377467,0.544352,0.134255
2003-11-10 00:35:58,-1.356105,-0.199075,0.068105,-0.881698,-0.253575,0.133429,0.322449,-0.051427,-0.035474,-0.090327
2003-11-10 00:45:58,0.844936,-0.163842,-0.555625,-0.568962,0.811011,-0.644637,0.245395,-0.620724,0.267895,0.491564
2003-11-10 00:55:58,0.027156,-1.027632,-0.236516,0.028479,0.493515,0.333013,-0.162711,-0.279001,0.230505,0.191791
2003-11-10 01:05:58,0.393260,-1.017497,-0.024151,0.173294,0.238490,0.142630,-0.307999,-0.086048,0.157672,-0.006237
2003-11-10 01:15:58,-0.502387,-0.527355,-0.932941,0.031480,-0.175270,0.067136,0.225306,-0.211548,-0.439385,-0.365615
2003-11-10 01:25:58,-0.983674,0.457668,-0.710050,0.804133,-0.434879,-0.116539,-0.440424,0.188544,0.191524,0.285048
2003-11-10 01:35:58,-1.095671,-0.174118,0.348247,-0.594085,-0.072030,0.320977,0.111708,0.210300,0.419398,0.371014
2003-11-10 01:45:58,0.207219,-1.078108,-0.331845,0.138250,0.645141,0.294480,-0.103252,-0.295897,0.066909,0.061411
2003-11-10 01:55:58,-0.202009,-0.890023,-0.634615,-0.132586,0.159990,0.042935,-0.255753,-0.354342,-0.111309,-0.273859
2003-11-10 02:05:58,-0.901788,-0.480714,-0.158277,-0.705701,-0.032597,-0.165711,-0.516451,-0.401932,0.289114,0.001068
2003-11-10 02:15:58,-0.210746,-0.865932,0.477304,-0.133762,0.849566,0.575002,0.380939,-0.152073,-0.025391,0.179154
2003-11-10 02:25:58,-1.382598,0.299436,0.506590,-0.547708,0.530934,-0.275138,-0.013477,-0.624895,-0.165400,-0.479282
2003-11-10 02:35:58,1.216180,1.221304,-0.457797,-0.077679,0.024056,0.930966,-0.591054,-0.319470,-0.643787,0.239893
2003-11-10 02:45:58,-1.443212,0.009130,0.122694,-0.701630,-0.247860,0.123514,0.329819,-0.043056,-0.158055,0.008746
2003-11-10 02:55:58,1.709535,0.627472,-0.011863,-0.518002,0.005919,-0.439634,-0.194900,0.057826,-0.545781,0.323272
2003-11-10 03:05:58,0.226417,-1.056330,-0.315487,0.113173,0.655484,0.292182,-0.154382,-0.326799,0.132728,-0.112338
2003-11-10 03:15:58,0.877627,-0.495871,0.020624,0.293089,0.216440,-0.271128,0.026709,0.660081,0.412019,0.273766
2003-11-10 03:25:58,-0.313720,-0.853767,-0.378442,-0.188161,0.245985,0.102442,-0.214539,-0.343313,-0.029449,-0.094276
2003-11-10 03:35:58,-0.964020,-0.144246,-0.249363,-0.550728,-0.038509,-0.281169,-0.510443,-0.625005,0.065239,-0.338636
2003-11-10 03:45:58,1.497165,0.922439,-0.201568,-0.104790,-0.172033,0.035947,0.151955,-0.377733,0.209093,0.388976
2003-11-10 03:55:58,1.130141,0.189578,0.250267,0.486084,-0.394576,0.443749,0.277822,-0.461154,0.000144,-0.228761
2003-11-10 04:05:58,-0.571779,-0.159922,-0.366078,0.667735,0.248152,0.467911,0.784002,0.305293,-0.200058,-0.010671
2003-11-10 04:15:58,-0.276663,-0.867505,-0.174596,-0.227555,0.612506,0.203051,0.190221,-0.239206,-0.044365,0.016401
2003-11-10 04:25:58,-1.546773,0.406022,0.019375,-0.325058,-0.131916,0.042300,0.569205,0.159337,-0.031394,-0.131615
2003-11-10 04:35:58,1.540071,0.531536,0.174197,-0.078383,-0.333069,-0.461529,0.379407,-0.206644,0.383565,0.416679
2003-11-10 04:45:58,1.228763,-0.279518,0.262522,0.327468,-0.436606,-0.179648,0.269721,-0.533568,-0.471595,-0.085561
2003-11-10 04:55:58,1.661029,0.589965,0.046742,0.051020,-0.299568,-0.417660,0.403176,-0.299717,0.635762,0.078866
2003-11-10 05:05:58,-0.253708,-0.878059,-0.508523,-0.117365,0.165827,0.201879,-0.035333,-0.368304,-0.034607,-0.313302
2003-11-10 05:15:58,-0.960640,-0.470561,0.546843,-0.934504,0.128453,0.233099,-0.151827,-0.151002,0.213309,0.390248
2003-11-10 05:25:58,1.757333,0.963495,-0.188349,-0.231529,-0.219275,-0.106075,0.230956,0.018234,0.517003,-0.191406
2003-11-10 05:35:58,0.074662,-0.827059,-0.519496,0.473922,0.505073,0.348116,0.103599,0.002884,0.280368,0.108052
2003-11-10 05:45:58,-1.264131,0.298189,-0.642612,0.330050,-0.283010,-0.170484,0.050445,-0.050133,-0.053852,0.157793
2003-11-10 05:55:58,1.616324,0.603549,0.073622,0.016789,-0.292675,-0.518951,0.387460,-0.303313,0.610097,0.235219
2003-11-10 06:05:58,-1.427486,0.234701,0.395621,-0.590236,0.390429,-0.224521,0.184022,-0.593165,-0.292864,-0.298831
2003-11-10 06:15:58,0.960319,-0.706258,0.187733,0.253724,0.269254,-0.539416,-0.203365,0.667320,0.140820,0.161580
2003-11-10 06:25:58,-1.120320,0.414745,-0.390637,0.204826,-0.512093,-0.002564,-0.403449,0.259576,0.286236,0.175881
2003-11-10 06:35:58,1.409071,1.594392,-0.238720,-0.689130,0.307302,0.760789,-0.237114,0.114306,-0.420460,0.311786
2003-11-10 06:45:58,-1.378319,-0.175537,0.031672,-0.831488,-0.272236,0.082126,0.335387,-0.075841,-0.049381,-0.168830
2003-11-10 06:55:58,0.953846,-0.430499,0.144270,0.003239,0.180835,-0.683988,-0.028993,0.198132,-0.314851,0.539170
2003-11-10 07:05:58,-0.670020,-0.220290,-1.053383,0.361323,-0.293216,0.140290,0.518546,0.171572,-0.345393,-0.090073
2003-11-10 07:15:58,1.348226,1.286513,-0.306152,-0.410572,0.033440,0.276016,-0.228461,-0.067931,0.051190,0.121745
2003-11-10 07:25:58,1.002744,0.754194,-0.308772,0.337715,-0.037909,1.124105,-0.317592,-0.259914,-0.584490,-0.168101
2003-11-10 07:35:58,-1.056342,-0.022972,-0.925831,0.065747,-0.598452,-0.063977,0.061052,0.078165,0.125697,-0.184064
2003-11-10 07:45:58,-0.519118,-0.514858,-0.363392,-0.306559,-0.662690,-0.278217,-0.648683,0.017804,-0.358960,-0.011051
2003-11-10 07:55:58,1.158379,-0.293089,0.421165,0.601825,-0.470150,0.020008,0.164357,-0.181909,-0.041013,-0.064087
2003-11-10 08:05:58,0.846292,-0.220386,0.965494,0.268025,-0.254159,-0.085453,0.490160,-0.147118,-0.752377,-0.153535
2003-11-10 08:15:58,0.933385,1.343767,0.157136,-0.331703,0.145754,1.190462,-0.141311,-0.140695,-0.727366,0.203439
2003-11-10 08:25:58,1.625851,0.638282,0.184911,-0.057605,-0.395159,-0.483252,0.430864,-0.327293,0.558748,0.242077
2003-11-10 08:35:58,1.310164,0.059407,-0.126936,0.342700,-0.216130,-0.184817,0.130040,0.515130,0.771494,-0.386399
2003-11-10 08:45:58,0.485155,-1.107210,0.132214,0.294467,0.166300,-0.050294,-0.321166,0.062372,-0.265980,0.161925
2003-11-10 08:55:58,0.742001,-0.012212,0.822067,0.287919,-0.206944,0.655468,0.395941,-0.120257,0.303326,0.129522
2003-11-10 09:05:58,0.486976,-0.522530,-0.608905,-0.378067,0.953375,-0.452740,0.194547,-0.104307,0.282059,0.654240
2003-11-10 09:15:58,0.397606,-0.268524,0.274259,0.324261,-0.456699,0.345324,-0.645490,0.097104,0.938074,0.236743
2003-11-10 09:25:58,-1.082753,0.751480,-0.522385,1.027680,-0.161542,-0.288418,-0.552382,-0.043189,0.191192,0.072034
2003-11-10 09:35:58,1.458189,1.119746,-0.252214,-0.591575,0.251471,-0.155640,-0.015519,0.598100,0.281818,-0.653308
2003-11-10 09:45:58,1.456015,1.785654,-0.741751,-0.802306,0.683445,0.686051,-0.739104,0.931431,-0.576814,-0.244206
2003-11-10 09:55:58,-0.533798,-0.250779,-0.965530,0.060657,0.091625,-0.154988,0.209990,0.187867,-0.259838,-0.824815
2003-11-10 10:05:58,-0.756520,-0.341972,0.587269,-0.407636,0.431324,0.437248,0.227570,0.197084,0.549281,0.511636
2003-11-10 10:15:58,-1.409470,1.306592,0.549138,0.707538,0.480543,-0.216218,-0.225373,-0.064764,0.076653,-0.225653
2003-11-10 10:25:58,1.601817,1.029516,-0.158939,-0.310005,-0.177790,0.051013,-0.044450,-0.150000,0.290744,0.229421
2003-11-10 10:35:58,-0.075119,-0.401039,1.305917,-0.367955,-0.184511,0.205174,-0.261156,0.442375,0.329772,0.118072
2003-11-10 10:45:58,-0.512060,-0.532307,-0.422130,-0.323370,-0.742566,-0.246985,-0.580068,0.088905,-0.389574,0.071421
2003-11-10 10:55:58,0.038148,-0.723030,0.161866,-0.262304,1.025988,0.152021,0.525061,0.137993,0.137764,0.184560
2003-11-10 11:05:58,0.317469,-1.039885,-0.009487,0.211030,0.193397,0.095205,-0.457952,0.100198,-0.021911,0.140491
2003-11-10 11:15:58,-1.300268,-0.145079,0.174772,-0.613615,-0.170994,0.177587,0.196921,0.199986,0.327495,0.104179
2003-11-10 11:25:58,0.861945,0.587830,0.054332,0.095341,-0.389179,0.916292,-0.215679,-0.501061,-0.011399,-0.046193
2003-11-10 11:35:58,-0.895145,-0.512947,-0.303755,-0.706076,-0.337802,0.084407,-0.211584,-0.372129,-0.085316,-0.220708
2003-11-10 11:45:58,1.387775,0.354695,0.176121,0.029938,-0.570995,-0.019956,-0.030391,-0.556327,-0.037058,0.325608
2003-11-10 11:55:58,-1.066309,-0.060766,-0.808458,-0.031324,-0.650074,0.124080,0.254383,0.193846,-0.124471,0.331302
2003-11-10 12:05:58,0.758988,-0.725893,-0.018449,0.207211,0.344221,-0.558227,-0.132535,0.616197,-0.015470,0.039381
2003-11-10 12:15:58,1.465869,0.071689,0.050122,-0.161628,-0.097267,-1.011436,0.229601,-0.180503,-0.175075,-0.032117
2003-11-10 12:25:58,1.152736,0.002895,-0.120320,-0.313741,0.441615,-0.660568,-0.061143,1.044124,0.649497,-0.147582
2003-11-10 12:35:58,0.048209,-0.824742,-0.468501,0.391490,0.464983,0.366356,0.152468,0.081934,0.248429,0.218661
2003-11-10 12:45:58,1.020433,0.318081,0.794323,0.174254,-0.465849,0.790963,0.427152,-0.219749,-0.331926,-0.039062
2003-11-10 12:55:58,-0.351059,-0.432734,-0.994347,0.626307,0.041076,0.270353,0.633292,0.224730,-0.168998,-0.019583
2003-11-10 13:05:58,-0.129518,-0.849430,-0.078621,-0.063944,0.722109,0.248610,0.154882,-0.219975,0.147053,0.128723
2003-11-10 13:15:58,1.675512,0.728470,-0.008925,-0.252987,-0.183669,-0.336451,0.153402,-0.304666,0.014916,0.417024
2003-11-10 13:25:58,0.484245,-0.799017,-0.200673,-0.202797,0.513940,-0.199805,-0.205955,-0.245292,-0.091346,0.577026
2003-11-10 13:35:58,-0.212687,-0.888801,0.477818,-0.182577,0.828917,0.568969,0.354744,-0.171780,0.072131,-0.025495
2003-11-10 13:45:58,-0.896221,0.259478,-0.745970,0.506958,-0.605334,0.010858,-0.490650,0.235080,0.111159,0.249044
2003-11-10 13:55:58,-1.647853,1.139731,0.434899,0.502452,0.408001,-0.227312,0.122999,-0.062658,-0.136953,0.188672
2003-11-10 14:05:58,-0.300283,0.554721,0.961260,-0.310317,-0.776000,0.473238,0.016348,0.050430,0.475405,-0.198586
2003-11-10 14:15:58,1.440339,0.166297,0.202081,-0.158883,-0.202301,-1.007592,0.274691,-0.159121,-0.391830,0.451799
2003-11-10 14:25:58,-1.003556,0.003343,-1.076355,0.217115,-0.649383,-0.080220,-0.017203,0.182903,0.124099,-0.005720
2003-11-10 14:35:58,-1.331027,0.206648,0.436403,-0.602659,0.445906,-0.205122,0.021402,-0.596799,-0.243459,-0.342167
2003-11-10 14:45:58,0.429042,-1.072058,-0.037479,0.289621,0.328587,0.074179,-0.339674,0.101941,-0.137414,-0.007603
2003-11-10 14:55:58,1.541866,1.540465,-0.518330,-0.524279,0.154515,0.663165,-0.284258,-0.073271,-0.411737,0.488779
2003-11-10 15:05:58,-0.103934,-0.563294,-0.584661,-0.083884,-0.143313,-0.384813,-0.100604,0.137849,-0.582312,-0.185119
2003-11-10 15:15:58,-0.217535,-0.881283,0.384456,-0.148209,0.790040,0.571487,0.404076,-0.129370,-0.038847,0.088149
2003-11-10 15:25:58,1.632373,1.318417,-0.545069,-0.577396,0.264363,0.217886,0.004465,0.193502,0.034672,-0.105975
2003-11-10 15:35:58,-1.070587,1.227250,0.072762,0.918624,0.453950,-0.397707,-0.755466,-0.253067,0.151691,0.085845
2003-11-10 15:45:58,0.133506,-0.999493,-0.385835,0.218685,0.677455,0.247931,-0.118972,-0.284895,0.138132,-0.030686
2003-11-10 15:55:58,-1.257685,1.409280,0.693258,0.656032,0.618204,-0.249121,-0.536586,-0.145219,0.093573,-0.241051
2003-11-10 16:05:58,1.347829,0.435436,0.580778,-0.192136,-0.243021,-0.462309,0.730669,-0.154591,0.248924,0.469948
2003-11-10 16:15:58,-0.005697,-0.270960,1.408373,-0.285914,-0.313133,-0.071834,-0.023615,0.156116,-0.041483,-0.194780
2003-11-10 16:25:58,1.393341,0.088859,0.172926,0.136406,-0.300022,-0.819336,0.155474,-0.332796,-0.414078,0.216431
2003-11-14 11:02:17,1.768000,0.794593,0.065750,-0.273027,-0.282221,-0.343288,0.024713,-0.204582,0.320084,0.063440
2003-11-14 11:12:17,0.596159,-0.574248,0.965205,0.364553,-0.123325,0.133538,0.381046,0.304833,-0.692785,-0.084014
2003-11-14 11:22:17,-1.694183,1.019222,0.288704,0.352286,0.402713,-0.310912,0.292613,-0.112354,-0.058559,-0.057767
2003-11-14 11:32:17,0.305895,-0.789916,-0.414819,-0.164012,0.618254,-0.002726,-0.083657,-0.554215,0.199147,0.248329
2003-11-14 11:42:17,-1.446904,0.315054,0.470681,-0.431854,0.518061,-0.338621,-0.028517,-0.641615,-0.109013,-0.525497
2003-11-14 11:52:17,0.489182,-0.710635,-0.618421,-0.389351,1.105756,-0.353736,0.168231,0.505560,0.443152,-0.363137
2003-11-14 12:02:17,0.222983,-0.676281,1.100548,-0.061274,-0.304071,0.065833,-0.210883,0.363720,-0.145525,0.350006
2003-11-14 12:12:17,0.358278,-0.645050,0.588740,0.109853,0.227699,0.293796,0.506993,-0.236398,-0.283045,-0.395320
2003-11-14 12:22:17,1.524231,0.720891,-0.173785,-0.005576,-0.119696,-0.268337,0.479618,-0.346234,0.372665,0.329792
2003-11-14 12:32:17,0.465340,-0.528586,-0.299579,-0.134381,0.518486,-0.020626,0.246919,-0.837385,-0.072468,0.363035
2003-11-14 12:42:17,0.415287,-1.061104,-0.039225,0.311457,0.380795,0.087208,-0.302731,0.098847,-0.254583,0.251467
2003-11-14 12:52:17,0.973186,-0.148240,0.131470,0.705681,-0.233922,0.535082,-0.015885,-0.017966,0.382574,-0.770967
2003-11-14 13:02:17,0.257205,-1.084643,-0.389606,0.147654,0.660334,0.274403,-0.148417,-0.329829,0.176066,-0.163100
2003-11-14 13:12:17,-0.941890,-0.483163,-0.312054,-0.583013,-0.077838,-0.141390,-0.311467,-0.205739,0.371237,0.256288
2003-11-14 13:22:17,1.283915,0.161192,-0.122999,-0.280760,0.205920,-0.864761,0.435635,-0.620763,-0.031410,0.170418
2003-11-14 13:32:17,1.052182,-0.371091,0.366710,0.430988,-0.473614,-0.306993,-0.000049,-0.279586,-0.619001,-0.021474
2003-11-14 13:42:17,-0.941628,-0.130712,-1.084906,0.054901,-0.711167,-0.040768,0.058038,0.109845,0.048154,0.047604
2003-11-14 13:52:17,1.255403,0.291100,-0.192839,-0.254631,0.372131,-0.560965,0.154212,0.394012,0.286955,0.310256
2003-11-14 14:02:17,-0.922079,0.437161,-0.151687,0.907408,0.053670,0.306853,0.446950,0.421083,-0.385450,0.198738
2003-11-14 14:12:17,0.343749,-0.197482,0.887330,0.177941,-0.652239,0.204478,0.334282,0.217090,-0.240640,-0.238293
2003-11-14 14:22:17,0.201434,-1.119096,-0.353050,0.116647,0.648661,0.274448,-0.099830,-0.350349,0.016787,0.071311
2003-11-14 14:32:17,-1.355690,-0.042210,0.048789,-0.748850,-0.305871,0.120725,0.256909,-0.070391,0.027993,-0.449449
2003-11-14 14:42:17,-1.504756,1.340925,0.549640,0.674749,0.465997,-0.205131,-0.246098,0.000390,0.095238,-0.183650
2003-11-14 14:52:17,1.360172,0.305296,0.437755,-0.053210,-0.206135,-0.368762,0.681576,-0.070307,-0.062337,-0.233449
2003-11-14 15:02:17,0.238151,-1.096479,-0.303829,0.139826,0.711577,0.266919,-0.122007,-0.340445,0.070190,0.057370
2003-11-14 15:12:17,-0.489856,-0.505671,0.407540,-0.067976,0.689444,0.583334,0.754125,0.251086,0.182504,0.181913
2003-11-14 15:22:17,-0.180447,-0.546102,1.269401,-0.399223,-0.107697,0.041693,-0.240125,0.526858,0.075322,0.253684
2003-11-14 15:32:17,-0.724714,-0.163101,-1.151442,0.552792,-0.286156,0.100127,0.482787,0.250872,-0.405451,0.181213
2003-11-14 15:42:17,0.040993,-1.089924,-0.378864,-0.003085,0.442007,0.222357,-0.269244,-0.293777,0.090005,0.169537
2003-11-14 15:52:17,0.724321,-0.785732,0.230201,0.530650,-0.171097,0.104276,-0.104240,0.097377,0.311550,-0.126920
2003-11-14 16:02:17,-0.996517,-0.134274,-1.065162,0.028940,-0.674621,-0.018728,0.108581,0.154322,-0.073523,0.311989
2003-11-14 16:12:17,-0.328158,-0.865050,0.390972,-0.236680,0.616491,0.544973,0.226681,-0.150062,0.012843,0.320020
2003-11-14 16:22:17,-1.473202,0.167948,-0.088686,-0.495537,-0.502984,0.244768,0.568558,0.318620,0.062606,0.005029
2003-11-14 16:32:17,1.424866,0.504225,-0.061993,-0.738998,0.397322,-0.859150,-0.233776,0.701151,-0.418336,-0.491081
2003-11-14 16:42:17,0.814740,-0.400822,0.443831,0.646568,-0.402756,0.041924,-0.066418,0.061151,0.338769,-0.474453
2003-11-14 16:52:17,-0.998068,0.137591,-0.933402,0.373054,-0.658118,-0.077350,-0.183981,0.195770,0.143017,0.012131
2003-11-14 17:02:17,-0.569740,-0.678095,-0.703322,-0.286145,-0.254816,0.001599,-0.277700,-0.413678,-0.199468,-0.354880
2003-11-14 17:12:17,1.497461,0.132888,0.114708,-0.214166,-0.026706,-1.069629,0.277789,-0.268238,-0.329953,0.318500
2003-11-14 17:52:14,-1.031277,-0.117559,-0.205455,-0.528842,0.023069,-0.296460,-0.404914,-0.591745,-0.020619,-0.180696
2003-11-14 17:58:46,-0.498880,-0.666606,-0.339549,-0.335513,-0.066817,-0.030943,-0.744941,-0.347341,0.309231,0.303068
2003-11-14 18:08:46,-0.938561,-0.163349,-1.055680,-0.037998,-0.726745,0.013516,0.109058,0.141925,-0.047129,0.227011
2003-11-14 18:18:46,-1.339182,1.388482,0.667940,0.687113,0.602578,-0.082386,-0.336013,-0.101032,0.007434,-0.032997
2003-11-14 18:28:46,1.539979,1.116705,-0.435210,-0.185724,-0.009228,0.385930,0.068755,-0.393307,0.113888,0.080270
2003-11-14 18:38:46,-1.153211,1.391272,0.851813,0.536320,0.556053,0.090588,-0.502406,-0.177721,-0.053703,-0.033696
2003-11-14 18:48:46,1.294054,-0.128865,0.189508,-0.011078,0.086271,-0.886363,0.058138,0.241872,-0.169622,0.243607
2003-11-14 18:58:46,-0.211647,-0.525568,0.838833,-0.170492,0.081651,0.350024,0.458331,0.381257,0.139741,-0.063719
2003-11-14 19:08:46,0.399826,-0.192010,1.285806,0.168849,-0.178971,0.363125,0.544460,0.305671,0.098905,-0.220941
2003-11-14 19:18:46,-1.606249,1.241387,0.463143,0.659471,0.415482,-0.269980,-0.032544,0.005851,0.030173,0.068091
2003-11-14 19:28:46,0.758804,0.837301,0.925723,-0.117520,-0.206368,1.114266,0.415208,-0.253310,-0.069847,-0.141670
2003-11-14 19:38:46,1.608324,0.585496,-0.065757,0.113191,-0.546780,0.095149,0.202968,-0.566911,0.272179,0.215284
2003-11-14 19:48:46,-1.509001,0.596412,0.140583,-0.015485,-0.369013,0.204682,0.126834,0.433810,0.029030,0.268409
2003-11-14 19:58:46,0.603876,-0.680708,0.311859,0.597043,-0.059498,0.176495,-0.324231,0.262084,0.221896,0.416556
2003-11-14 20:08:46,-1.261645,-0.218959,0.191062,-0.923709,-0.177823,0.106437,0.130260,-0.177856,-0.041861,-0.186188
2003-11-14 20:18:46,-0.466424,-0.753464,0.343670,-0.398251,0.399019,0.443515,-0.030251,-0.199347,0.219783,0.315014
2003-11-14 20:28:46,1.009532,0.642440,-0.240276,0.371726,-0.228796,1.014497,-0.097766,-0.372906,-0.418946,-0.046767
2003-11-14 20:38:46,-0.960111,0.027400,-0.962055,0.216842,-0.626029,-0.000317,-0.088349,0.178782,0.045405,0.238975
2003-11-14 20:48:46,-1.152607,0.761970,-0.321513,0.950215,-0.116300,-0.157788,-0.332773,0.040330,0.003866,0.382325
2003-11-14 20:58:46,-0.525452,-0.471798,-0.985862,0.110806,-0.110044,-0.009328,0.185095,-0.216827,-0.494065,-0.352802
2003-11-14 21:08:46,-1.077081,-0.249645,0.562055,-0.776819,-0.492714,-0.065951,-0.137699,0.197838,-0.237634,-0.181018
2003-11-14 21:18:46,-1.558841,1.277324,0.463068,0.679350,0.515967,-0.359634,-0.024920,0.014536,0.041374,-0.030752
2003-11-14 21:28:46,0.713820,-0.157484,0.909424,0.457988,-0.249692,0.748917,0.544820,0.158704,0.214452,-0.016160
2003-11-14 21:38:46,0.413288,-0.849603,-0.471894,-0.096479,0.922129,-0.143135,0.049550,-0.030100,0.302883,0.109093
2003-11-14 21:48:46,1.211864,-0.007009,0.448671,-0.224081,-0.025390,-0.750197,0.500174,-0.030207,-0.260463,0.188254
2003-11-14 21:58:46,0.131907,-1.014569,-0.154596,0.055505,0.687109,0.379745,0.036333,-0.251366,-0.001535,0.051882
2003-11-14 22:08:46,0.133506,-0.682263,1.194199,0.000962,0.305181,0.141705,0.107454,0.496914,-0.181121,-0.102509
2003-11-14 22:18:46,-1.486256,0.361329,0.075659,-0.246566,-0.465459,0.257926,0.404618,0.434260,-0.008895,0.310568
2003-11-14 22:28:46,1.213561,-0.077671,0.392639,0.503998,-0.569335,0.068241,0.149958,-0.484946,0.009367,-0.221035
2003-11-14 22:38:46,1.321419,0.870238,-0.021388,0.002283,-0.441887,0.704446,-0.161242,-0.464884,-0.149700,0.287626
2003-11-14 22:48:46,-0.661004,-0.507350,0.495293,-0.398761,-0.275349,-0.012411,-0.410556,0.197636,-0.158485,0.228501
2003-11-14 22:58:46,0.707234,-0.248581,-0.565606,-0.661093,0.713223,-0.633888,0.231955,-0.499980,0.244365,0.739348
2003-11-14 23:08:46,-1.519478,0.931239,0.246948,0.106678,0.287999,-0.225443,0.300526,0.071663,-0.136777,-0.055028
2003-11-14 23:18:46,-1.322638,-0.021580,0.062280,-0.693242,-0.351498,0.231660,0.349873,0.182295,0.073619,0.053049
2003-11-14 23:28:46,1.401698,0.755869,0.063162,-0.045500,-0.134770,-0.169663,0.642295,-0.264129,0.286892,0.148223
2003-11-14 23:38:46,-0.102318,-0.625018,0.248376,-0.120956,-0.608669,-0.345224,-0.910785,0.243395,-0.032359,0.263823
2003-11-14 23:48:46,0.581126,-0.975596,0.215979,0.435574,0.088666,-0.058612,-0.333242,0.338623,-0.231319,0.021176
2003-11-14 23:58:46,-0.912503,-0.370527,-0.834812,-0.190673,-0.337697,-0.260769,-0.332862,-0.339272,-0.038014,-0.187363
2003-11-15 00:08:46,1.538707,0.405059,0.027829,-0.308625,-0.024485,-0.691520,0.054328,-0.238102,-0.459284,0.352859
2003-11-15 00:18:46,-0.248031,-0.644282,-0.730626,0.321028,0.249400,0.239825,0.396611,-0.182180,-0.327799,-0.227963
2003-11-15 00:28:46,0.873861,-0.192802,0.090241,0.655462,-0.189758,0.600003,0.030914,-0.002603,0.311560,-0.143006
2003-11-15 00:38:46,-1.600274,0.525595,0.081077,-0.158070,-0.031556,-0.026422,0.487732,0.178799,-0.086228,0.092489
2003-11-15 00:48:46,-0.407287,-0.688179,-0.799175,-0.090736,-0.014976,0.041641,0.034371,-0.331704,-0.387419,-0.390466
2003-11-15 00:58:46,-1.474040,0.711032,0.410425,-0.075874,0.547997,-0.354145,0.028494,-0.527070,-0.155086,-0.539386
2003-11-15 01:08:46,0.249856,-0.809646,0.077468,0.230764,-0.379035,-0.222241,-0.514435,0.259478,-0.454565,0.164084
2003-11-15 01:18:46,-0.390697,-0.702901,0.026011,-0.186170,0.472545,0.475486,0.519726,-0.169520,-0.416346,-0.162224
2003-11-15 01:28:46,-1.172107,0.707757,-0.422474,0.869933,-0.030815,-0.251091,-0.516458,-0.183845,0.191700,0.147995
2003-11-15 01:38:46,-0.160694,-0.164875,-1.098880,0.329545,0.299998,-0.176921,0.786478,0.530944,0.100792,-0.089954
2003-11-15 01:48:46,0.967833,-0.569740,0.355980,0.661673,-0.382128,-0.038155,-0.054184,0.095622,-0.066115,-0.411080
2003-11-15 01:58:46,1.856577,0.839047,-0.003114,-0.236970,-0.116226,-0.386552,0.366577,0.131146,0.723312,-0.277322
2003-11-15 02:08:46,0.738724,0.351659,1.247035,0.083652,-0.396306,0.530706,0.716050,-0.215100,0.303170,-0.230279
2003-11-15 02:18:46,-1.008042,0.696280,-0.627806,1.045497,-0.187958,-0.321304,-0.558584,-0.056378,0.229012,0.040324
2003-11-15 02:28:46,0.517872,-0.938267,0.126990,0.475510,-0.051835,-0.139936,-0.294070,0.326676,-0.394444,-0.067659
2003-11-15 02:38:46,1.457308,0.557517,-0.159415,0.131020,-0.028382,-0.114815,0.441359,0.187796,0.441143,-0.465792
2003-11-15 02:48:46,-1.334896,0.519249,-0.463924,0.112590,0.035156,-0.405712,0.066301,-0.240026,-0.062739,0.033247
2003-11-15 02:58:46,-1.584061,0.472773,0.077348,-0.130420,-0.374723,0.107319,0.333906,0.317093,0.001304,0.203776
2003-11-15 03:08:46,-1.622725,1.084643,0.395209,0.435374,0.430424,-0.299938,0.145976,-0.153742,0.049418,-0.195377
2003-11-15 03:18:46,-0.693817,-0.202191,-1.037783,0.333124,-0.373595,0.136484,0.395796,0.169440,-0.239983,-0.140966
2003-11-15 03:28:46,-1.689893,0.750410,0.197052,0.151284,0.008580,-0.147065,0.284388,0.134441,-0.033748,-0.035124
2003-11-15 03:38:46,-0.407180,-0.738229,0.152934,-0.303967,0.419392,0.351770,0.121974,-0.216929,-0.205684,-0.043558
2003-11-15 03:48:46,1.533878,0.233182,0.182677,0.002793,-0.192574,-0.716788,0.365536,-0.046388,0.266979,0.409884
2003-11-15 03:58:46,-0.402910,-0.601750,0.518904,-0.104183,0.749906,0.600249,0.676794,0.236617,0.162538,0.361223
2003-11-15 04:08:46,-0.641927,-0.644758,-0.991258,-0.094808,-0.252916,-0.016444,0.145632,-0.244156,-0.228597,-0.461650
2003-11-15 04:18:46,0.483385,-0.333586,0.843789,0.372108,-0.081793,0.826995,0.241081,0.352658,0.418246,0.194315
2003-11-15 04:28:46,0.704974,-0.820591,0.043668,0.368883,0.185809,0.037652,-0.020752,-0.280243,-0.085664,-0.310062
2003-11-15 04:38:46,-0.912162,-0.589064,0.587563,-0.855894,0.187907,0.288258,-0.063449,-0.099892,0.363959,0.222941
2003-11-15 04:48:46,0.129308,-0.920239,0.268648,-0.043226,0.145092,-0.115973,-0.172828,0.259804,-0.161683,-0.178857
2003-11-15 04:58:46,1.722550,1.349013,-0.397187,-0.605778,0.127050,0.115247,-0.086960,0.242533,0.132216,-0.265323
2003-11-15 05:08:46,0.582529,-0.528378,-0.536617,-0.206565,0.778508,-0.336096,0.252884,-0.316116,0.149027,0.231064
2003-11-15 05:18:46,0.070465,-1.009715,-0.432745,0.124948,0.577561,0.266084,0.036439,-0.266248,0.056030,-0.013117
2003-11-15 05:28:46,1.682519,0.890689,-0.085511,-0.113560,-0.264076,-0.153285,0.270838,-0.302284,0.366118,0.340825
2003-11-15 05:38:46,1.036714,-0.517361,0.205292,0.275890,0.167846,-0.586473,0.111642,0.249806,-0.098723,-0.401701
2003-11-15 05:48:46,1.155862,0.084910,0.500169,0.454414,-0.558508,0.423586,0.313247,-0.365043,0.316346,-0.162808
2003-11-15 05:58:46,-1.582779,0.646075,0.123096,-0.146320,0.146089,-0.159402,0.475157,-0.075655,-0.073446,-0.219720
2003-11-15 06:08:46,-0.197276,-0.692023,0.715681,-0.284653,0.228182,0.248638,-0.170992,-0.064377,0.223889,0.119184
2003-11-15 06:18:46,-1.635905,0.337741,-0.027847,-0.291453,-0.311718,0.047541,0.523919,0.250278,0.092598,-0.057181
2003-11-15 06:28:46,-0.807027,-0.419636,-0.699156,-0.401460,-0.307102,-0.221400,-0.480970,-0.458627,-0.034667,-0.309750
2003-11-15 06:38:46,-1.027187,0.109653,-0.882412,0.330026,-0.634439,-0.047801,-0.123407,0.197231,-0.050407,0.412563
2003-11-15 06:48:46,0.239035,-0.715652,0.021952,0.191887,-0.581443,-0.177466,-0.365408,0.378145,-0.368793,0.180751
2003-11-15 06:58:46,0.604874,-0.535349,-0.408135,-0.095409,0.562060,-0.288880,0.343649,-0.161675,0.167793,-0.192491
2003-11-15 07:08:46,-0.920415,-0.490161,-0.538148,-0.491959,-0.387792,0.010390,-0.126993,-0.337547,-0.171154,-0.090034
2003-11-15 07:18:46,-0.770576,-0.554840,-0.474643,-0.576596,-0.347230,0.016501,-0.302243,-0.391209,-0.139171,-0.156828
2003-11-15 07:28:46,1.492910,0.359080,0.112519,0.008672,-0.185943,-0.528199,0.290085,0.040065,-0.121025,0.394363
2003-11-15 07:38:46,1.587318,0.829039,-0.023284,-0.189789,-0.187164,-0.722637,0.421177,0.132121,0.632581,-0.195725
2003-11-15 07:48:46,-1.297396,-0.208118,0.248527,-0.878159,-0.147183,0.120150,0.111634,-0.193970,-0.079630,-0.033877
2003-11-15 07:58:46,-0.085998,-0.960238,-0.231789,-0.195680,0.320256,0.169254,-0.527881,-0.372384,0.479457,0.232772
2003-11-15 08:08:46,0.359479,-0.205152,0.930068,0.079736,-0.496813,0.614479,-0.032414,0.192827,0.858726,0.110039
2003-11-15 08:18:46,1.501006,1.178563,-0.339707,-0.239543,0.063560,0.268030,0.119762,-0.338102,0.093408,0.337625
2003-11-15 08:28:46,0.226002,-0.882832,0.793790,0.129385,0.186200,0.209380,0.118574,0.419409,-0.568373,0.353090
2003-11-15 08:38:46,-0.080474,-0.171404,-0.360957,0.584946,0.027452,0.304141,0.275743,0.071126,0.342811,0.341587
2003-11-15 08:48:46,0.210946,-0.953380,0.280004,0.267457,0.394349,0.179906,-0.029299,0.214937,-0.207156,0.128140
2003-11-15 08:58:46,0.212992,-1.045646,-0.281105,0.148762,0.712878,0.253772,-0.140349,-0.390292,0.179358,-0.161061
2003-11-15 09:08:46,-0.878062,-0.326017,-0.894127,-0.196526,-0.560947,-0.053740,-0.127078,-0.032475,0.088400,0.038794
2003-11-15 09:18:46,-1.589159,0.297819,-0.046997,-0.337133,-0.386869,0.076561,0.501107,0.232537,0.095281,-0.121595
2003-11-15 09:28:46,1.183455,0.165728,0.099067,0.293901,-0.447377,0.382667,-0.064817,-0.514581,-0.365306,-0.343744
2003-11-15 09:38:46,-1.562879,0.272170,-0.052447,-0.395262,-0.391591,0.144564,0.537932,0.278041,0.103180,-0.115954
2003-11-15 09:48:46,-0.553150,-0.696903,-0.390522,-0.403986,-0.128454,0.009032,-0.546345,-0.354588,0.301209,0.118916
2003-11-15 09:58:46,-0.157945,-0.913549,0.371073,-0.094183,0.205079,0.312134,0.205281,0.298157,-0.544019,0.128403
2003-11-15 10:08:46,1.122050,0.005307,-0.169262,-0.269265,0.272660,-0.781941,0.499524,-0.510911,0.029402,0.256423
2003-11-15 10:18:46,-0.959081,-0.129755,-1.063286,0.038946,-0.704246,0.000151,0.071717,0.143296,-0.018194,0.208500
2003-11-15 10:28:46,-1.520507,0.235753,-0.053344,-0.452350,-0.423193,0.198144,0.572281,0.358191,0.012233,0.106512
2003-11-15 10:38:46,-0.035342,-0.934328,0.517088,-0.015814,0.456307,0.361931,0.243670,0.254960,-0.317312,0.188459
2003-11-15 10:48:46,-0.998230,-0.243222,-0.932697,-0.147428,-0.496299,-0.079175,0.041362,-0.120115,-0.142367,0.079282
2003-11-15 10:58:46,-1.568432,0.847000,0.277736,0.288496,0.049112,-0.045124,0.195418,0.074544,0.068438,0.235084
2003-11-15 11:08:46,-0.924913,-0.377389,-0.400912,-0.736743,-0.281940,-0.176014,-0.480990,-0.415465,0.199918,-0.474547
2003-11-15 11:18:46,0.094908,-0.840064,-0.618115,-0.320832,0.589999,-0.174675,0.177296,0.033074,0.068858,0.047049
2003-11-15 11:28:46,1.434472,0.517182,0.055161,-0.279072,-0.084086,-0.554628,-0.128536,0.216820,-0.199945,0.351117
2003-11-15 11:38:46,1.326734,0.171706,0.269274,0.279014,-0.525363,-0.402321,0.201228,-0.524180,-0.001588,0.295183
2003-11-15 11:48:46,-1.449536,0.015137,0.169757,-0.704663,-0.214784,0.089012,0.289479,-0.109981,-0.133129,-0.117764
2003-11-15 11:58:46,-0.195687,-0.885673,-0.217672,-0.199520,0.283193,0.162113,-0.486902,-0.366757,0.486946,0.048437
2003-11-15 12:08:46,0.830801,-0.508810,0.122936,0.300007,0.016265,-0.018399,0.295221,-0.658281,-0.305396,-0.283122
2003-11-15 12:18:46,-0.799272,0.456974,-0.630004,1.169170,0.004312,-0.028614,-0.086681,0.167255,-0.152767,0.013842
2003-11-15 12:28:46,-0.672916,-0.516704,-0.178133,-0.499352,0.167663,0.006434,-0.216553,-0.388072,0.292326,-0.262108
2003-11-15 12:38:46,0.665813,-0.730832,-0.088062,-0.262054,0.343117,-0.640764,-0.280473,0.903533,0.271337,-0.414671
2003-11-15 12:48:46,0.616609,-0.749671,0.052406,0.577280,-0.178382,0.189080,-0.060222,0.392639,0.055269,0.240721
2003-11-15 12:58:46,1.487448,1.761428,-0.640041,-0.830085,0.548265,0.577377,-0.698923,0.839891,-0.242901,-0.627645
2003-11-15 13:08:46,-1.534828,0.407966,0.083829,-0.212771,-0.423191,0.183869,0.377809,0.384137,0.051942,0.110032
2003-11-15 13:18:46,-1.491573,0.340183,0.038681,-0.254461,-0.475106,0.241457,0.390375,0.454293,-0.034134,0.333096
2003-11-15 13:28:46,-0.463967,0.265507,-1.047845,0.742706,0.106367,-0.250607,0.300810,0.380728,-0.172309,0.220670
2003-11-15 13:38:46,0.519704,-1.075105,0.177995,0.389273,0.164851,-0.053490,-0.403814,0.199510,-0.172027,0.183946
2003-11-15 13:48:46,-1.514174,0.198526,-0.060761,-0.454261,-0.455829,0.171651,0.539640,0.292765,0.115560,-0.118241
2003-11-15 13:58:46,0.627376,-0.924725,0.265330,0.482835,0.041020,-0.070879,-0.429943,0.382084,-0.263938,0.146311
2003-11-15 14:08:46,0.988317,0.441443,-0.018672,0.265473,-0.644856,0.731750,-0.194315,-0.439082,0.074653,0.124152
2003-11-15 14:18:46,-1.255348,-0.223790,0.324891,-0.983575,-0.085982,0.070727,0.032677,-0.312798,-0.029769,-0.354901
2003-11-15 14:28:46,1.138428,0.195321,-0.089078,0.031069,-0.194783,-0.077416,0.384271,-1.041282,0.118851,-0.150269
2003-11-15 14:38:46,-0.256834,-0.864379,0.021937,-0.255481,0.356187,0.284797,-0.282930,-0.319082,0.474017,0.073809
2003-11-15 14:48:46,-0.532130,-0.716607,-0.311780,-0.483559,-0.098688,0.022247,-0.577458,-0.389440,0.148592,0.488180
2003-11-15 14:58:46,-1.425067,1.127126,0.550310,0.582352,0.177238,0.005705,-0.315141,0.108361,0.117357,0.236899
2003-11-15 15:08:46,-1.312646,1.192938,0.580100,0.565263,0.190534,0.066276,-0.505886,0.070454,0.164344,-0.021419
2003-11-15 15:18:46,1.609705,0.906059,-0.149297,-0.177245,0.094242,-0.507382,0.484789,0.076040,0.483819,-0.198045
2003-11-15 15:28:46,-0.228295,-0.858226,0.417361,-0.052804,0.820683,0.521487,0.311570,-0.135060,-0.048085,0.228359
2003-11-15 15:38:46,0.761774,-0.239522,-0.597074,-0.465085,0.660163,-0.532224,0.172159,-0.714477,0.234806,0.372428
2003-11-15 15:48:46,0.423624,-1.041904,-0.063865,0.325827,0.369074,0.105506,-0.330059,0.132265,-0.135449,0.124142
2003-11-15 15:58:46,-0.810642,-0.318650,-0.218415,-0.414627,-0.139714,-0.058001,-0.411691,-0.037221,0.586628,0.189697
2003-11-15 16:08:46,-0.513071,-0.729572,-0.573891,-0.371722,-0.198261,-0.042592,-0.519918,-0.298977,0.254684,0.159584
2003-11-15 16:18:46,1.086979,-0.348403,0.331996,0.472865,-0.403523,-0.364734,0.036738,-0.393287,-0.600005,-0.277761
2003-11-15 16:28:46,-0.772465,-0.340054,-0.032722,-0.555355,-0.581217,-0.361301,-0.555452,0.094653,-0.106865,-0.184651
2003-11-15 16:38:46,-1.455816,0.501772,-0.007517,-0.366995,-0.008925,-0.060421,0.564504,0.202619,-0.050230,-0.191095
2003-11-15 16:48:46,0.648815,-0.994425,0.261862,0.450463,0.047772,-0.029790,-0.357811,0.326995,-0.221179,0.031593
2003-11-15 16:58:46,0.998588,-0.435521,0.019247,0.236428,0.177999,-0.037328,0.007967,0.543136,0.598329,0.088470
2003-11-15 17:08:46,1.221758,-0.387878,0.203053,0.179009,0.003127,-0.677546,0.171839,0.114949,-0.112512,-0.411423
2003-11-15 17:18:46,-0.456296,-0.668769,-0.886401,-0.127779,-0.134831,0.019914,-0.060980,-0.313630,-0.225678,-0.479189
2003-11-15 17:28:46,1.644390,1.410967,-0.527316,-0.598357,0.348106,0.265895,0.082983,0.126859,0.022839,0.069359
2003-11-15 17:38:46,-0.768463,-0.344186,0.215867,-0.070494,0.280232,0.559987,0.741287,0.432960,0.444411,0.141610
2003-11-15 17:48:46,1.193239,-0.336870,0.190265,0.105594,0.187844,-0.672177,0.184242,0.897623,-0.098571,-0.652552
2003-11-15 17:58:46,1.105839,-0.207735,0.179224,0.076517,-0.083037,-0.712634,0.189785,-0.059839,-0.426421,0.216851
2003-11-15 18:08:46,-1.513415,0.498634,0.060190,-0.128189,-0.299196,0.090404,0.359164,0.480423,0.015481,0.294940
2003-11-15 18:18:46,-1.346205,-0.188176,0.093952,-0.873656,-0.200898,0.135637,0.249362,-0.067972,0.026813,-0.162837
2003-11-15 18:28:46,0.014025,-1.032917,-0.404840,0.046045,0.530180,0.295155,0.048874,-0.235498,-0.026706,0.285521
2003-11-15 18:38:46,0.277295,-0.772491,0.220505,0.203906,-0.266623,-0.187337,-0.475214,0.299954,-0.430192,-0.024532
2003-11-15 18:48:46,0.401537,-1.046971,-0.001560,0.263782,0.350604,0.136055,-0.268463,0.092100,-0.178882,0.111604
2003-11-15 18:58:46,-1.045907,0.345753,-0.751606,0.612409,-0.479198,-0.149505,-0.286157,0.150633,0.135566,0.243014
2003-11-15 19:08:46,-0.135974,-0.864962,0.231067,-0.020624,0.814545,0.489376,0.342180,-0.172145,-0.056836,-0.091264
2003-11-15 19:18:46,1.322171,0.147759,0.263137,0.290086,-0.518639,-0.428730,0.143647,-0.558333,0.059657,0.064740
2003-11-15 19:28:46,-1.515650,0.672433,0.144649,-0.066987,-0.070097,-0.010385,0.281330,0.205243,-0.026165,-0.154745
2003-11-15 19:38:46,1.473945,1.141503,-0.414601,-0.254035,0.118592,0.417925,-0.079083,-0.069974,-0.304641,0.435476
2003-11-15 19:48:46,-1.230785,-0.271915,0.308409,-0.971895,-0.169584,0.143839,0.086127,-0.247574,-0.100018,-0.045908
2003-11-15 19:58:46,0.462028,-0.980452,0.287346,0.271019,-0.210918,-0.079621,-0.540588,0.343352,-0.079979,0.066069
2003-11-15 20:08:46,0.642312,-0.730056,0.253736,0.611378,-0.061504,0.160840,-0.188477,0.362064,0.306528,-0.000219
2003-11-15 20:18:46,0.944453,-0.339790,0.260178,0.634644,-0.428075,0.478138,0.018442,0.095656,0.522454,-0.154624
2003-11-15 20:28:46,-1.388941,-0.018206,0.080000,-0.721717,-0.296121,0.121865,0.290703,-0.048185,-0.055084,-0.244503
2003-11-15 20:38:46,-1.082936,-0.018280,-0.849616,0.015443,-0.572034,-0.023928,0.112146,0.024226,-0.066440,0.198452
2003-11-15 20:48:46,-1.387119,1.136247,-0.051321,0.940199,0.357898,-0.532209,-0.492914,-0.185410,0.223850,-0.112809
2003-11-15 20:58:46,1.012516,-0.424844,0.472644,0.359387,-0.304975,-0.256449,0.043337,-0.356295,-0.533253,-0.195884
2003-11-15 21:08:46,-0.077755,-0.463950,0.055050,-0.176922,0.912887,0.100041,0.692402,0.317493,0.069334,0.383190
2003-11-15 21:18:46,0.923603,-0.777739,0.373849,0.510092,-0.180102,-0.093691,-0.141353,0.140001,-0.388126,-0.238994
2003-11-15 21:28:46,-1.263618,0.489267,-0.487757,0.345987,-0.323337,-0.224907,-0.239063,0.084009,0.370773,0.018128
2003-11-15 21:38:46,1.417871,1.488824,-0.580650,-0.804174,0.484492,0.260400,-0.656483,0.840661,-0.066579,-0.760634
2003-11-15 21:48:46,0.914859,-0.699394,0.409016,0.555214,-0.183529,-0.140020,-0.165934,0.103828,-0.391973,-0.334845
2003-11-15 21:58:46,-1.601513,1.217154,0.491496,0.644050,0.424707,-0.248796,-0.001684,0.002144,-0.041622,0.204093
2003-11-15 22:08:46,0.400679,-0.168810,-0.962105,-0.681019,0.825504,-0.678439,0.414565,0.284998,0.290881,-0.476379
2003-11-15 22:18:46,-0.908155,-0.094829,-0.672172,0.027805,-0.327486,-0.134141,-0.272061,-0.292917,-0.087372,-0.065145
2003-11-15 22:28:46,-1.354851,-0.176485,0.208933,-0.850235,-0.170460,0.095828,0.135038,-0.180662,-0.049589,-0.203570
2003-11-15 22:38:46,-0.179628,-0.717839,0.172019,0.229074,0.691162,0.619198,0.587934,0.171227,-0.020007,0.428663
2003-11-15 22:48:46,1.373981,0.728664,0.143513,0.133137,-0.471781,0.292540,0.082563,-0.729651,0.247637,-0.034151
2003-11-15 22:58:46,-0.349726,-0.392387,-0.961276,0.660095,0.084932,0.241483,0.591200,0.185526,-0.091492,-0.084648
2003-11-15 23:08:46,-0.699013,-0.386066,0.478950,-0.426466,-0.121537,0.078331,0.257378,0.286112,-0.663864,-0.302699
2003-11-15 23:18:46,1.372019,0.204590,0.034382,0.133951,-0.396267,-0.651672,0.271334,-0.338179,0.241291,0.162641
2003-11-15 23:28:46,-0.965851,-0.440284,0.563804,-0.910570,0.166600,0.190130,-0.179330,-0.187300,0.289017,0.136039
2003-11-15 23:38:46,-1.042524,0.551484,-0.712454,0.840483,-0.135569,-0.329597,-0.379064,-0.161591,0.078580,0.169969
2003-11-15 23:48:46,0.014750,-1.007204,-0.017031,-0.055962,0.570268,0.399381,-0.095872,-0.264526,0.175254,0.075847
2003-11-15 23:58:46,0.673539,-0.986333,0.186173,0.499913,0.068546,-0.026917,-0.334619,0.349172,-0.254977,0.075134
2003-11-16 00:08:46,0.327283,-1.078482,-0.014175,0.233879,0.501869,0.145782,-0.209501,-0.017318,-0.169482,0.153556
2003-11-16 00:18:46,0.344971,-0.991565,-0.059654,0.268346,0.331382,0.094109,-0.169213,-0.120739,-0.135518,0.120951
2003-11-16 00:28:46,0.090998,-1.054059,-0.306348,0.090045,0.553423,0.263557,-0.180056,-0.331331,0.144097,0.130865
2003-11-16 00:38:46,-0.202018,-0.463021,1.073291,-0.195868,-0.058744,-0.061055,-0.101317,0.476012,-0.381776,-0.094713
2003-11-16 00:48:46,-1.050252,-0.057971,-0.816882,-0.038017,-0.652209,0.098032,0.193074,0.176449,-0.063238,0.175100
2003-11-16 00:58:46,1.418703,0.562898,-0.188303,-0.116396,0.224486,-0.188952,0.125426,0.534638,0.684870,-0.189761
2003-11-16 01:08:46,-0.872165,-0.096120,-0.763448,0.126484,-0.228095,0.045760,0.524821,0.167934,-0.162168,-0.181229
2003-11-16 01:18:46,0.702395,-0.247048,0.829211,0.445879,-0.313984,0.721671,0.371212,0.187694,0.506282,-0.451496
2003-11-16 01:28:46,-1.086051,0.114790,-0.804993,0.253498,-0.672835,0.002129,-0.166376,0.189595,0.076893,0.238941
2003-11-16 01:38:46,-0.986188,0.039894,-0.892944,0.181156,-0.705103,0.051677,-0.100188,0.254149,-0.018628,0.381300
2003-11-16 01:48:46,-0.613823,-0.648033,0.701690,-0.683736,0.544974,0.365498,-0.041467,-0.157445,0.510038,0.176052
2003-11-16 01:58:46,-0.685517,0.201949,-0.904480,0.964021,-0.017828,-0.038918,0.074488,0.129063,-0.152495,-0.078532
2003-11-16 02:08:46,1.701936,1.134188,-0.116914,-0.497221,-0.170899,0.022825,-0.168349,0.037148,0.227171,-0.189460
2003-11-16 02:18:46,0.161491,-1.040931,-0.314427,0.144150,0.662039,0.257921,-0.105271,-0.322251,0.133948,0.001204
2003-11-16 02:28:46,1.509442,0.614367,0.232108,-0.130337,-0.285596,-0.468878,0.432776,-0.291207,0.574040,0.143922
2003-11-16 02:38:46,1.494488,1.011165,-0.446972,-0.085032,-0.124256,0.646246,-0.333028,-0.382286,-0.083570,0.064166
2003-11-16 02:48:46,1.496731,0.892439,-0.596221,0.100503,-0.060256,0.552007,-0.035070,-0.163009,-0.058553,-0.049975
2003-11-16 02:58:46,0.149931,-0.593419,-0.792453,-0.136403,0.697448,-0.295277,0.286840,-0.011057,-0.034620,-0.246829
2003-11-16 03:08:46,-0.429112,-0.796524,-0.143864,-0.309568,0.248591,0.122197,-0.406115,-0.407032,0.396369,0.097075
2003-11-16 03:18:46,-0.992416,-0.069005,-0.460436,0.267181,-0.179380,0.378796,0.922506,0.384198,-0.506163,0.101894
2003-11-16 03:28:46,-0.052453,-0.672384,0.863748,0.105102,0.055531,0.144260,0.278383,0.485782,-0.586736,-0.006569
2003-11-16 03:38:46,-0.115980,-0.841013,-0.619528,0.086073,0.380608,0.212322,0.128598,-0.359498,-0.278363,-0.279701
2003-11-16 03:48:46,1.474558,1.338522,-0.431823,-0.532526,0.138997,0.424824,-0.516048,0.242119,-0.243192,0.228953
2003-11-16 03:58:46,-1.092337,0.352594,-0.697249,0.499192,-0.495780,-0.085290,-0.210315,0.197987,0.107758,0.342633
2003-11-16 04:08:46,-1.538192,0.606884,0.189457,-0.019928,-0.196962,0.071788,0.318328,0.174114,-0.034787,0.194674
2003-11-16 04:18:46,-0.868316,-0.457672,0.342069,-0.786022,0.194205,0.284446,0.267387,-0.166361,0.200667,-0.288085
2003-11-16 04:28:46,1.549047,0.633509,0.113927,-0.192291,-0.299818,-0.427769,0.246105,-0.141209,0.333984,0.164080
2003-11-16 04:38:46,-1.556317,0.298268,0.036170,-0.524136,0.092318,-0.131759,0.651285,-0.014377,-0.222247,-0.029895
2003-11-16 04:48:46,0.676949,-0.254079,0.989178,0.149111,-0.261128,-0.017300,0.534007,-0.119072,-0.846553,0.158596
2003-11-16 04:58:46,-0.783630,-0.371009,0.224841,-0.468917,-0.565081,-0.057921,-0.216413,0.201262,-0.487655,-0.039270
2003-11-16 05:08:46,0.358903,-0.988964,-0.002284,0.333847,0.381293,0.125147,-0.246563,0.171027,-0.204326,0.268015
2003-11-16 05:18:46,0.855403,-0.101352,0.140329,0.677511,-0.255499,0.638499,0.087171,-0.052782,0.217986,-0.175935
2003-11-16 05:28:46,-1.543158,0.851937,0.228846,0.288541,0.068479,-0.078600,0.114779,0.090408,0.177688,-0.054936
2003-11-16 05:38:46,-1.354034,0.889066,0.069722,0.719132,0.227067,-0.160141,0.111067,-0.094253,-0.273851,0.166740
2003-11-16 05:48:46,1.042763,-0.316448,0.397348,0.457577,-0.443497,-0.282126,0.018518,-0.324090,-0.730090,0.043228
2003-11-16 05:58:46,-0.933405,-0.388450,0.423438,-0.689028,0.263912,0.292947,0.205917,-0.222955,0.171315,-0.278515
2003-11-16 06:08:46,-0.472338,-0.306846,-0.801096,0.590853,0.096574,0.304684,0.619662,0.228158,-0.067938,-0.026522
2003-11-16 06:18:46,-1.425210,-0.121977,0.126705,-0.793236,-0.186567,0.061898,0.257145,-0.139754,-0.085110,-0.133342
2003-11-16 06:28:46,1.559064,0.545525,0.148675,0.019173,-0.359018,-0.299557,0.454996,-0.377239,0.504611,0.180417
2003-11-16 06:38:46,0.365119,-0.210650,1.207983,0.043301,-0.113526,0.586900,0.418976,0.242882,0.427527,-0.168445
2003-11-16 06:48:46,-1.074779,-0.245215,0.594520,-0.865184,0.398349,-0.000809,-0.100112,-0.341587,0.039802,0.065478
2003-11-16 06:58:46,-1.635010,0.899570,0.306555,0.218991,0.345431,-0.245507,0.324086,-0.199817,0.013140,-0.341898
2003-11-16 07:08:46,-0.437227,-0.582426,0.981103,-0.577054,0.138822,0.166254,-0.211496,0.324119,0.215487,0.232887
2003-11-16 07:18:46,1.494166,-0.032308,0.118107,-0.043529,-0.067899,-0.890820,0.306056,-0.179638,-0.340546,0.027425
2003-11-16 07:28:46,1.565841,1.450451,-0.472508,-0.629463,0.374948,0.421546,-0.165899,0.520228,-0.098904,-0.140668
2003-11-16 07:38:46,-0.435910,-0.465662,0.862909,-0.378009,-0.334378,-0.054319,0.121431,0.568259,-0.652736,-0.001212
2003-11-16 07:48:46,0.918649,-0.511448,0.203396,0.439000,-0.197506,0.274305,0.028168,-0.122510,-0.043176,-0.465564
2003-11-16 07:58:46,-1.246963,1.428667,0.710732,0.688057,0.657629,-0.155689,-0.376594,-0.080760,-0.010116,-0.101636
2003-11-16 08:08:46,-1.555365,0.267986,-0.076440,-0.351367,-0.413857,0.111406,0.546550,0.280881,0.110181,-0.065759
2003-11-16 08:18:46,0.222781,-1.088845,-0.280722,0.141768,0.680164,0.326573,-0.080931,-0.332031,0.027901,0.193827
2003-11-16 08:28:46,0.511125,-0.753984,0.095944,0.257362,-0.152982,0.028759,-0.083694,-0.310435,-0.030402,-0.258620
2003-11-16 08:38:46,1.612076,0.749903,-0.129827,0.040073,-0.453116,0.139405,0.080281,-0.628712,0.286664,0.193268
2003-11-16 08:48:46,0.826070,-0.244231,1.024630,0.191004,-0.265393,-0.018590,0.459252,-0.182084,-0.767039,-0.122710
2003-11-16 08:58:46,-1.229738,0.466439,-0.497874,0.307121,-0.427381,-0.156626,-0.209719,0.210979,0.256426,0.216981
2003-11-16 09:08:46,1.239175,0.034723,0.246928,0.270332,-0.444162,-0.329473,0.190051,-0.512820,0.167336,0.191481
2003-11-16 09:18:46,-1.277530,0.899188,-0.279625,0.564873,0.095634,-0.391640,-0.388024,-0.066979,0.150931,-0.113009
2003-11-16 09:28:46,-0.944867,1.421245,0.609097,0.645347,0.739312,-0.091111,-0.385459,-0.037422,-0.071710,0.065952
2003-11-16 09:38:46,-0.421468,-0.780589,-0.401265,-0.450656,-0.119289,0.014018,-0.698442,-0.433878,0.286870,0.086442
2003-11-16 09:48:46,-1.002814,-0.111880,-0.436128,0.164153,-0.212431,0.369057,0.904260,0.310518,-0.512231,0.065545
2003-11-16 09:58:46,1.464670,1.400955,-0.441208,-0.444089,0.223335,0.558096,-0.255280,0.009540,-0.397886,0.362483
2003-11-16 10:08:46,0.801495,-0.827465,0.120923,0.127420,0.007519,-0.267964,-0.013164,-0.485048,-0.378207,-0.061729
2003-11-16 10:18:46,-1.262880,-0.255531,0.292030,-0.981264,-0.139547,0.154790,0.106743,-0.225628,-0.160575,0.060931
2003-11-16 10:28:46,1.021602,0.089517,-0.395001,-0.481663,0.475543,-0.711349,0.528086,-0.839642,0.062717,0.136432
2003-11-16 10:38:46,0.554234,-0.870356,0.205117,0.436666,0.128180,0.210917,-0.138827,0.100037,0.224920,0.174905
2003-11-16 10:48:46,0.715588,0.375421,1.246651,0.072959,-0.397759,0.473346,0.733190,-0.312828,0.206509,-0.294042
2003-11-16 10:58:46,-1.521037,0.616927,0.147629,0.065076,-0.286387,0.132925,0.255564,0.359379,0.095083,0.216704
2003-11-16 11:08:46,-0.450739,-0.751248,-0.415308,-0.424927,-0.105881,-0.016261,-0.666677,-0.353793,0.312972,0.067579
2003-11-16 11:18:46,0.727881,-0.779553,0.207248,0.583979,-0.042089,0.195880,-0.230402,0.260961,0.287950,0.065851
2003-11-16 11:28:46,-0.619014,-0.081032,-1.023553,0.596014,-0.333000,0.106257,0.250793,0.303739,-0.360083,0.115331
2003-11-16 11:38:46,-0.239412,-0.710566,-0.477728,0.037681,0.072748,0.209661,-0.202596,0.018329,0.547359,0.358416
2003-11-16 11:48:46,-0.469606,-0.670863,0.130527,0.054793,0.364437,0.575177,0.480162,0.223642,0.098162,0.613707
2003-11-16 11:58:46,0.458980,-0.643644,0.715329,0.145169,0.202656,0.348014,0.547218,-0.182877,-0.404032,-0.215620
2003-11-16 12:08:46,-1.095728,-0.223998,0.567751,-0.807855,0.407908,0.003839,-0.075425,-0.324399,0.132568,-0.010415
2003-11-16 12:18:46,0.441218,-0.869035,-0.527691,-0.143919,0.913946,-0.134833,0.056614,-0.000191,0.202250,0.151591
2003-11-16 12:28:46,0.096853,-0.852201,0.515708,0.030161,0.421016,0.400629,0.296578,0.055461,-0.263099,0.034195
2003-11-16 12:38:46,1.018476,-0.404481,0.310155,0.624284,-0.337918,0.242929,-0.015752,0.043874,-0.079336,-0.448161
2003-11-16 12:48:46,-1.552610,0.259768,-0.061874,-0.311927,-0.433712,0.157325,0.504389,0.336042,0.148366,-0.035931
2003-11-16 12:58:46,1.419935,0.988491,-0.457913,-0.103076,0.180095,0.453183,0.150872,0.331776,0.071332,-0.360085
2003-11-16 13:08:46,0.364997,-1.100003,-0.190402,0.262330,0.000249,-0.114732,-0.244197,0.228991,-0.164343,-0.378487
2003-11-16 13:18:46,-1.517371,0.677358,0.097267,0.074959,-0.029343,-0.089355,0.290869,0.043043,0.184261,-0.282162
2003-11-16 13:28:46,1.050362,-0.424301,0.078316,-0.156891,0.396684,-0.790305,-0.140314,0.485365,-0.114863,0.842015
2003-11-16 13:38:46,1.095598,-0.118903,0.320908,0.587420,-0.539876,-0.091283,0.113939,-0.318836,0.032717,-0.261003
2003-11-16 13:48:46,1.081272,-0.135070,0.381116,0.567899,-0.559767,-0.113910,0.168615,-0.407669,-0.068221,-0.288896
2003-11-16 13:58:46,0.343041,-0.863997,-0.354968,0.024133,0.528524,0.205913,0.092262,-0.581065,-0.040558,0.128218
2003-11-16 14:08:46,1.615400,1.164531,-0.219628,-0.703611,0.131522,0.009852,-0.252337,0.464009,0.224309,-0.116176
2003-11-16 14:18:46,-1.557956,0.650454,0.085457,0.288526,-0.053940,0.013379,0.299179,0.011396,-0.096754,0.282052
2003-11-16 14:28:46,0.483089,-0.983618,0.163822,0.414143,0.061913,-0.093005,-0.369691,0.266422,-0.233682,0.068340
2003-11-16 14:38:46,0.377923,-0.508279,-0.025043,0.307707,-0.458479,0.079605,-0.496614,0.167887,-0.092159,-0.214590
2003-11-16 14:48:46,-1.125456,0.410221,-0.713677,0.733018,-0.317275,-0.217131,-0.316795,-0.012955,0.089750,0.284264
2003-11-16 14:58:46,-1.605086,1.231573,0.511413,0.675532,0.394912,-0.250257,-0.037256,-0.029684,0.024815,0.066113
2003-11-16 15:08:46,-1.291882,0.549975,-0.489322,0.341031,-0.144396,-0.329778,-0.107932,-0.105140,0.193435,0.108840
2003-11-16 15:18:46,0.030710,-1.047862,-0.374540,-0.030681,0.438260,0.258245,-0.176620,-0.263530,0.034647,0.049660
2003-11-16 15:28:46,-0.597528,-0.418802,-0.910879,0.134371,-0.147094,-0.010279,0.168309,-0.229380,-0.410614,-0.332580
2003-11-16 15:38:46,-1.204924,0.628671,-0.394964,0.523034,-0.380924,-0.190331,-0.426668,0.219626,0.476249,-0.098136
2003-11-16 15:48:46,-0.648165,-0.293463,0.855621,-0.665476,-0.545898,0.166407,-0.240127,0.288397,0.583507,0.023429
2003-11-16 15:58:46,1.459627,0.119278,0.063320,-0.211159,-0.024860,-0.699767,0.104753,-0.025313,0.333965,0.673413
2003-11-16 16:08:46,0.146865,-1.043718,-0.307773,0.109498,0.652166,0.314874,-0.066668,-0.318758,0.064488,-0.032241
2003-11-16 16:18:46,-1.270690,0.912007,-0.251273,0.716195,-0.076245,-0.316318,-0.454012,0.082607,0.290422,0.123550
2003-11-16 16:28:46,-1.543921,0.229915,-0.086049,-0.392410,-0.451062,0.165759,0.533883,0.316150,0.130928,-0.102095
2003-11-16 16:38:46,-1.051172,-0.310003,-0.272801,-0.500745,-0.222343,0.089224,0.174024,-0.051626,0.195958,-0.229054
2003-11-16 16:48:46,-0.778004,-0.348545,-0.237198,-0.393924,-0.164474,0.008013,-0.397302,0.008430,0.585052,0.364308
2003-11-16 16:58:46,-0.389827,-0.357221,-0.922597,0.635370,0.046737,0.271111,0.580370,0.207466,-0.127093,-0.000795
2003-11-16 17:08:46,0.944285,0.174277,0.811613,-0.065851,-0.305242,-0.107139,0.589981,-0.490838,-0.060257,0.161546
2003-11-16 17:18:46,0.942175,-0.328790,0.313502,0.503905,-0.373875,-0.360495,0.043424,-0.272877,-0.716500,0.071866
2003-11-16 17:28:46,0.807378,-0.615071,-0.286573,-0.029482,0.523787,-0.364693,-0.127782,-0.176956,0.225543,0.235278
2003-11-16 17:38:46,-0.075350,-1.008134,-0.341373,-0.031191,0.377256,0.224225,-0.309477,-0.284070,0.272286,0.205763
2003-11-16 17:48:46,-0.547093,-0.481336,-0.912220,0.099270,-0.136859,0.081359,0.248383,-0.171685,-0.553398,-0.093011
2003-11-16 17:58:46,-0.507454,-0.491798,-0.368830,-0.256981,-0.683606,-0.328538,-0.726631,-0.036569,-0.256760,-0.294647
2003-11-16 18:08:46,1.207224,-0.052245,-0.172016,-0.214483,0.444792,-0.673272,0.421645,-0.018477,-0.014268,-0.782828
2003-11-16 18:18:46,-0.215947,-0.827682,-0.778978,0.171616,0.240856,0.221701,0.328845,-0.193357,-0.100204,-0.249965
2003-11-16 18:28:46,1.064390,-0.509672,0.149310,0.186345,-0.050075,-0.611941,-0.043797,0.511349,-0.171101,-0.213252
2003-11-16 18:38:46,-1.620380,0.667942,0.254787,0.118061,-0.100599,0.006286,0.227753,0.162477,0.162895,0.042592
2003-11-16 18:48:46,-1.597037,0.497238,0.110624,-0.092182,-0.245817,0.082743,0.443232,0.182712,-0.029812,0.306903
2003-11-16 18:58:46,-1.021340,0.047111,-0.099674,-0.434802,0.334790,-0.466623,-0.444605,-0.792818,-0.137863,-0.273676
2003-11-16 19:08:46,0.370649,-1.047043,-0.475570,0.015383,0.705727,0.083984,-0.122627,-0.189282,0.243066,0.048525
2003-11-16 19:18:46,1.639587,0.439316,0.060414,-0.266729,-0.005241,-0.929449,0.374104,0.286466,0.446329,-0.104321
2003-11-16 19:28:46,-0.927892,-0.098320,-0.040787,0.057314,0.207483,0.475136,1.115149,0.448251,-0.197729,-0.071872
2003-11-16 19:38:46,-0.880632,-0.316622,-0.807992,-0.144207,-0.545046,-0.033188,-0.204014,-0.136276,0.064772,0.068167
2003-11-16 19:48:46,0.977087,-0.003173,0.226593,0.462338,-0.657867,0.126415,0.060240,-0.396767,-0.053815,0.036803
2003-11-16 19:58:46,0.171633,-1.057685,-0.431203,0.149222,0.612601,0.260787,-0.091592,-0.305864,0.174943,-0.243392
2003-11-16 20:08:46,0.513657,-0.963854,0.090020,0.476521,-0.018882,-0.069650,-0.239332,0.326369,-0.306809,-0.042132
2003-11-16 20:18:46,1.394852,0.444374,0.327175,0.315671,-0.575655,0.031980,0.281478,-0.649532,0.310102,0.179931
2003-11-16 20:28:46,1.220341,0.506741,-0.043643,0.267533,-0.444178,0.134639,0.252095,-0.694413,0.217367,0.166173
2003-11-17 10:18:56,0.224916,-1.043679,-0.381040,0.187682,0.657396,0.298405,-0.090839,-0.330464,0.126942,-0.122437
2003-11-17 10:22:30,-1.605805,0.654580,0.157283,0.208480,-0.212007,0.084219,0.256104,0.389141,0.104692,0.415590
2003-11-17 10:32:30,-0.870958,-0.271832,0.994573,-0.674741,-0.031817,-0.080269,-0.450933,0.177435,-0.082279,0.379942
2003-11-17 10:42:30,1.443752,1.759865,-0.793376,-0.811057,0.661191,0.596622,-0.943099,0.977386,-0.472836,-0.613527
2003-11-17 10:52:30,0.405243,-1.020545,0.028917,0.324977,0.354679,0.100294,-0.287632,0.173150,-0.137159,0.197831
2003-11-17 11:02:30,0.173291,-0.867922,0.528060,0.049405,0.499905,0.435359,0.307762,0.097917,-0.226233,0.187814
2003-11-17 11:12:30,0.796669,-0.580255,0.149162,0.551737,-0.170145,0.432492,-0.306705,0.185152,0.573310,-0.072316
2003-11-17 11:22:30,1.307513,1.370868,-0.575473,-0.480306,0.211071,0.845614,-0.692265,0.016231,-0.562647,0.113822
2003-11-17 11:32:30,1.630936,0.869358,-0.349931,-0.032504,0.070990,0.420829,0.183058,-0.111301,-0.049951,0.115515
2003-11-17 11:42:30,-1.230900,-0.230419,0.243794,-0.995687,-0.166680,0.162973,0.108566,-0.169141,-0.097512,-0.092394
2003-11-17 11:52:30,0.240401,-0.223321,-0.828769,-0.581596,0.726941,-0.445015,0.295667,0.001294,-0.075448,0.093547
2003-11-17 12:02:30,1.607404,0.856714,-0.072981,-0.402505,-0.171092,-0.120600,-0.043296,-0.145019,0.156936,0.072640
2003-11-17 12:12:30,-1.467198,0.457817,0.032223,-0.379260,-0.021174,-0.067751,0.593470,0.186372,-0.091103,-0.117855
2003-11-17 12:22:30,0.396914,-1.060574,-0.158465,0.218513,0.457022,0.150207,-0.168317,-0.195735,0.018901,-0.105848
2003-11-17 12:32:30,-1.667516,0.952974,0.318818,0.321106,0.334333,-0.260822,0.361253,-0.082877,-0.089061,0.061896
2003-11-17 12:42:30,0.698735,-0.681846,0.356728,0.429416,-0.438051,-0.200060,-0.293041,0.072833,-0.225700,-0.343420
2003-11-17 12:52:30,-0.886265,-0.129398,-0.477037,0.138310,-0.190657,0.439782,0.925945,0.338812,-0.534141,0.005311
2003-11-17 13:02:30,0.802944,-0.918497,0.192306,0.422919,0.066902,-0.131838,-0.203077,-0.025457,-0.233944,-0.265321
2003-11-17 13:12:30,1.282922,0.698513,-0.447356,0.043081,0.167396,0.628800,0.085469,0.322414,0.191069,-0.636913
2003-11-17 13:22:30,1.256218,0.131805,0.276480,0.247940,-0.558988,-0.375003,0.108096,-0.547350,0.108853,0.168607
2003-11-17 13:32:30,-1.157620,0.237923,-0.622629,-0.021007,-0.613780,-0.067968,-0.075665,0.295628,0.192721,0.174078
2003-11-17 13:42:30,-1.356608,0.836733,0.399217,0.280195,-0.190469,0.216555,-0.215678,0.332098,0.226296,0.089610
2003-11-17 13:52:30,1.017352,-0.265147,0.252407,0.686706,-0.370309,0.450806,0.128093,-0.091680,0.378410,-0.291861
2003-11-17 14:02:30,-1.547686,1.277657,0.572049,0.725599,0.521679,-0.219440,-0.079387,-0.067113,0.031130,0.041987
2003-11-17 14:12:30,0.356963,-0.836165,0.887742,0.202540,0.106697,0.229089,0.028497,0.499116,-0.372214,0.081257
2003-11-17 14:22:30,0.390884,-1.016499,-0.071284,0.318053,0.331084,0.101744,-0.285241,0.119115,-0.182685,0.044013
2003-11-17 14:32:30,0.183694,-1.028617,-0.473511,0.255127,0.615062,0.262664,-0.030244,-0.250619,0.152868,-0.121191
2003-11-17 14:42:30,0.568044,-0.980804,0.207912,0.408764,0.118981,-0.044963,-0.340473,0.280340,-0.247135,0.045023
2003-11-17 14:52:30,1.335681,1.059692,-0.297601,-0.039659,-0.206702,0.787373,-0.330475,-0.470660,-0.390549,0.378846
2003-11-17 15:02:30,-1.569809,0.975569,0.305843,0.175872,0.432381,-0.285224,0.379130,-0.118544,-0.175968,0.070644
2003-11-17 15:12:30,-0.935756,0.108969,-1.069158,-0.050690,-0.421192,-0.217264,0.027889,0.543642,0.168334,-0.386337
2003-11-17 15:22:30,-0.724664,-0.194952,-0.984114,0.308464,-0.332422,0.121775,0.446316,0.140203,-0.172678,-0.354259
2003-11-17 15:32:30,-1.384157,1.343986,0.743370,0.663474,0.511641,-0.125782,-0.432900,-0.127893,0.081400,-0.138984
2003-11-17 15:42:30,-0.312633,-0.727722,0.039738,-0.460003,0.438108,0.083999,-0.482660,-0.293264,0.587801,0.250739
2003-11-17 15:52:30,0.993524,-0.550578,0.017371,0.003458,0.150562,-0.579819,-0.291347,0.323414,-0.094691,0.525608
2003-11-17 16:02:30,1.187653,-0.188218,0.280275,0.425005,-0.470900,-0.078145,0.093178,-0.431113,-0.304119,-0.359291
2003-11-17 16:12:30,-0.275452,-0.697834,-0.117836,-0.245898,-0.420419,-0.201758,-0.847349,0.027262,0.058787,0.227198
2003-11-17 16:22:30,-1.036416,1.463675,0.817769,0.549412,0.722356,0.025865,-0.399553,-0.096500,-0.205692,0.182128
2003-11-17 16:32:30,1.516480,1.631090,-0.718419,-0.692089,0.441977,0.519824,-0.669258,0.534824,-0.249411,-0.207996
2003-11-17 16:42:30,1.399603,1.374673,-0.515023,-0.387262,0.263533,0.520860,-0.251249,0.032000,-0.291396,0.332773
2003-11-17 16:52:30,0.484493,-0.961002,0.139291,0.384707,-0.091350,-0.086282,-0.403974,0.340015,-0.285663,0.112345
2003-11-17 17:02:30,-1.292443,0.937539,-0.246406,0.639729,0.290165,-0.535607,-0.336409,-0.294822,0.211149,-0.244177
2003-11-17 17:12:30,-1.383923,1.196474,0.503764,0.456301,0.657988,-0.261406,0.042890,-0.156690,-0.044104,0.051194
2003-11-17 17:22:30,-1.478076,0.308654,0.253301,-0.295897,-0.013296,-0.029125,0.194964,-0.104266,0.039099,0.015356
2003-11-17 17:32:30,-0.998381,1.290655,0.119888,0.950919,0.500728,-0.397803,-0.953066,-0.312517,0.299307,-0.260935
2003-11-17 17:42:30,-0.543010,-0.448705,-0.933195,0.090019,-0.171272,0.032646,0.132241,-0.188245,-0.363968,-0.367470
2003-11-17 17:52:30,1.101328,-0.352909,0.290263,0.482640,-0.449861,-0.328729,-0.022963,-0.307894,-0.562311,-0.326427
2003-11-17 18:02:30,0.129268,-1.004708,-0.454305,0.173665,0.567236,0.247642,-0.073211,-0.211321,0.062820,0.114607
2003-11-17 18:12:30,0.866977,-0.738160,0.269342,0.528824,-0.216805,-0.119012,-0.120173,0.108493,-0.392585,-0.259969
2003-11-17 18:22:30,0.052559,-1.016658,-0.430847,0.160650,0.522490,0.237061,0.058058,-0.214269,0.176262,-0.346221
2003-11-17 18:32:30,-1.539737,1.274689,0.464238,0.605274,0.410042,-0.230086,-0.098386,0.010952,0.021400,-0.042913
2003-11-17 18:42:30,1.185457,-0.173609,0.457651,0.269095,-0.081950,-0.095839,0.434280,0.452378,0.336560,-0.115283
2003-11-17 18:52:30,-1.282453,0.293771,0.469915,-0.575171,0.544510,-0.317205,-0.009533,-0.569198,-0.206333,-0.392967
2003-11-17 19:02:30,-1.644590,1.232690,0.400940,0.611827,0.576935,-0.419967,0.097087,-0.083825,0.027604,-0.074012
2003-11-17 19:12:30,-1.078150,0.023616,-0.949790,0.115479,-0.613005,-0.070985,0.023309,0.132609,0.041294,0.166756
2003-11-17 19:22:30,1.256285,-0.070719,0.071474,0.080918,0.074442,-0.414191,0.088214,0.846337,0.307891,-0.704599
2003-11-17 19:32:30,-0.775030,-0.464408,-0.599485,-0.414432,-0.309644,-0.088115,-0.430726,-0.431397,-0.158198,0.032290
2003-11-17 19:42:30,1.217007,-0.270576,0.221885,0.127928,0.017071,-0.703936,0.217777,0.149137,-0.334693,0.293667
2003-11-17 19:52:30,0.363105,-0.600307,0.096995,0.323624,-0.422667,0.058112,-0.349555,0.308866,-0.110172,0.391010
2003-11-17 20:02:30,0.157698,-1.098972,-0.267816,0.020092,0.383590,0.167174,-0.168298,-0.224745,0.032198,0.165188
2003-11-17 20:12:30,0.614404,-1.071687,0.063693,0.382541,0.170667,-0.045325,-0.403249,0.188977,-0.057793,-0.191295
2003-11-17 20:22:30,-1.436389,0.789816,0.405895,-0.067170,0.635908,-0.422429,0.007519,-0.469127,-0.122949,-0.621585
2003-11-17 20:32:30,1.511099,0.715200,-0.152708,-0.249501,0.033841,-0.087172,0.169810,0.493937,0.792024,-0.391879
2003-11-17 20:42:30,-0.734901,-0.106793,0.120104,-0.328093,0.573296,-0.436329,-0.754644,-0.770663,0.355997,-0.266582
2003-11-17 20:52:30,1.551018,0.323344,0.014556,-0.273605,-0.021025,-1.164223,0.200812,0.185083,-0.000284,-0.673841
2003-11-17 21:02:30,-1.282984,0.174992,-0.649209,-0.122727,-0.510131,-0.119603,0.071243,0.187609,0.179138,0.083286
2003-11-17 21:12:30,0.768458,0.264907,0.953271,0.267938,-0.558156,0.558036,0.615650,-0.330415,0.056201,0.234565
2003-11-17 21:22:30,-0.234725,-0.665985,-0.429011,0.118474,0.165728,0.213637,-0.240979,0.035018,0.481359,0.645501
2003-11-17 21:32:30,0.885024,-0.383601,0.612051,0.497208,-0.355375,0.227411,0.064455,-0.053385,0.247611,-0.282054
2003-11-17 21:42:30,-0.994448,0.102693,-0.904297,0.220682,-0.453191,-0.152677,-0.030448,-0.085386,0.007297,-0.019765
2003-11-17 21:52:30,0.564204,-0.190553,-0.758434,-0.314218,0.908622,-0.442449,0.351280,0.586883,0.611872,0.169391
2003-11-17 22:02:30,1.415302,1.112934,-0.354177,-0.213199,0.054682,0.293330,0.105761,-0.324295,0.090604,0.297969
2003-11-17 22:12:30,-0.183308,-0.872867,-0.319621,-0.139856,0.244575,0.224830,-0.252954,-0.189246,0.498475,0.294282
2003-11-17 22:22:30,0.930642,0.529048,-0.751767,-0.901048,0.678630,-0.581028,-0.001928,0.037426,-0.133236,-0.246702
2003-11-17 22:32:30,0.821896,-0.708357,0.311497,0.507785,-0.383180,-0.151798,-0.191568,0.170070,-0.475501,-0.221815
2003-11-17 22:42:30,-0.872698,-0.312252,-0.397255,-0.027571,-0.145956,0.372985,0.812556,0.195619,-0.431402,-0.186469
2003-11-17 22:52:30,0.394763,-0.797542,0.877962,0.264517,0.273605,0.205182,0.024217,0.497782,-0.448370,0.174489
2003-11-17 23:02:30,-1.370017,0.912191,-0.007573,0.876690,-0.048263,-0.136937,-0.360429,-0.020340,0.162854,0.099081
2003-11-17 23:12:30,-1.054116,-0.306013,0.645888,-0.812311,0.279845,0.100902,-0.268649,-0.327341,0.266246,0.053670
2003-11-17 23:22:30,-0.186365,-0.766388,0.603922,-0.080774,0.409198,0.400380,0.488792,0.065134,-0.224949,-0.044734
2003-11-17 23:32:30,1.244745,0.024815,0.085434,0.379859,-0.137397,0.047510,0.329303,0.286111,0.616577,-0.178391
2003-11-17 23:42:30,0.634767,-0.739012,0.335540,0.569446,-0.057173,0.238438,-0.194231,0.322209,0.183833,0.291322
2003-11-17 23:52:30,-0.411507,-0.703936,-0.729307,0.191410,0.161649,0.058163,0.074443,-0.093809,0.001626,0.176362
2003-11-18 00:02:30,1.196148,0.267848,-0.029663,0.551679,-0.351865,0.556766,0.050789,-0.405119,-0.110994,-0.250759
2003-11-18 00:12:30,-0.866787,-0.333263,-0.840949,-0.270704,-0.517626,-0.072191,-0.170239,-0.245491,-0.097483,-0.168022
2003-11-18 00:22:30,-1.402848,0.838849,0.443101,0.306927,-0.142360,0.155566,-0.263222,0.295629,0.249229,0.008924
2003-11-18 00:32:30,1.500163,0.755763,-0.241863,0.097470,-0.087668,0.442220,0.123540,-0.150742,0.077946,-0.116059
2003-11-18 00:42:30,-1.464760,1.239238,0.470172,0.661748,0.472469,-0.239021,-0.053767,-0.030228,0.063635,-0.038083
2003-11-18 00:52:30,0.994711,-0.643073,0.265977,0.520171,-0.258120,-0.148063,0.041214,-0.076632,-0.422564,-0.294479
2003-11-18 01:02:30,0.129820,-0.964604,0.158343,-0.016154,-0.172050,-0.102629,-0.655688,0.146715,0.113205,0.343382
2003-11-18 01:12:30,0.170746,-1.055894,-0.462560,0.157208,0.584421,0.238064,-0.086905,-0.317555,0.177972,-0.341270
2003-11-18 01:22:30,-1.005070,-0.191923,0.587679,-0.773391,-0.511242,-0.050082,-0.162244,0.219147,-0.268304,-0.152294
2003-11-18 01:32:30,-1.523544,1.323655,0.445868,0.690112,0.554542,-0.379271,-0.077812,-0.006925,-0.094153,0.194896
2003-11-18 01:42:30,1.523065,1.005521,-0.404696,-0.218477,0.124554,0.280767,0.178858,-0.317623,0.056573,0.486611
2003-11-18 01:52:30,-0.304925,-0.827118,-0.515912,-0.059720,0.135132,0.181596,-0.077525,-0.335912,-0.068082,-0.288665
2003-11-18 02:02:30,-1.454998,0.796650,0.381098,0.287006,-0.181222,0.179227,-0.070184,0.368576,0.107854,0.404224
2003-11-18 02:12:30,-1.040578,-0.359482,-0.103959,-0.665458,-0.249571,0.167756,0.059427,-0.179067,-0.216153,-0.098366
2003-11-18 02:22:30,-0.961809,-0.099390,-1.017057,-0.001972,-0.701035,0.043017,0.096909,0.154654,-0.075527,0.323721
2003-11-18 02:32:30,0.105271,-0.460416,0.089503,0.013366,-0.859154,-0.062276,-0.854364,0.233039,0.494904,0.266995
2003-11-18 02:42:30,1.388303,1.469732,-0.526184,-0.525999,0.287371,0.636010,-0.578082,0.252899,-0.459908,0.387053
2003-11-18 02:52:30,0.735937,-0.301164,0.641970,0.407090,-0.274761,0.300720,0.109030,0.022711,-0.075976,-0.418485
2003-11-18 03:02:30,-1.525322,0.494899,0.074140,-0.132789,-0.251083,0.094354,0.430609,0.282162,0.080427,0.128767
2003-11-18 03:12:30,1.082654,-0.220998,-0.045771,-0.419603,0.589104,-0.826646,-0.246880,1.007070,0.153934,0.039134
2003-11-18 03:22:30,0.197780,-1.016962,-0.235146,0.177335,0.703546,0.316690,-0.075291,-0.313014,0.145885,-0.090503
2003-11-18 03:32:30,-1.510867,1.306730,0.572394,0.671397,0.444454,-0.270565,-0.257500,-0.057678,0.123483,-0.259313
2003-11-18 03:42:30,1.429289,0.909860,-0.021074,-0.474847,0.040651,0.010872,-0.236247,-0.026477,-0.405536,0.082375
2003-11-18 03:52:30,-1.190206,-0.232625,0.241614,-0.955455,-0.170627,0.136621,0.035910,-0.235944,0.041365,-0.400152
2003-11-18 04:02:30,-1.538753,0.916447,0.291964,0.143684,0.328464,-0.233517,0.323387,-0.118968,-0.094854,-0.085793
2003-11-18 04:12:30,1.106238,-0.286512,0.340719,0.551870,-0.398086,0.138291,0.005582,-0.221226,-0.145457,-0.133386
2003-11-18 04:22:30,-0.931736,1.263428,0.180519,0.837344,0.450024,-0.294593,-0.983997,-0.350924,0.239277,-0.307338
2003-11-18 04:32:30,-1.507393,1.254999,0.512434,0.682397,0.479502,-0.228156,-0.089352,-0.033812,0.069196,-0.048387
2003-11-18 04:42:30,1.383748,1.754457,-0.683168,-0.877788,0.641806,0.584341,-0.810554,0.915870,-0.393411,-0.623665
2003-11-18 04:52:30,1.448793,0.238305,0.262929,-0.148296,-0.094008,-1.013383,0.278233,-0.164683,-0.443558,0.558666
2003-11-18 05:02:30,-0.874942,-0.482472,-0.899181,-0.356558,-0.514961,-0.126582,-0.145629,-0.296118,-0.155756,-0.065367
2003-11-18 05:12:30,-0.998155,-0.419564,0.604505,-0.887098,0.164391,0.199188,-0.164876,-0.178226,0.173296,0.433630
2003-11-18 05:22:30,-0.317813,-0.764404,0.571739,-0.350497,0.861105,0.494881,0.424471,-0.112059,0.182222,-0.254129
2003-11-18 05:32:30,-0.231936,-0.556090,1.260301,-0.406164,-0.001727,0.062645,-0.259610,0.454128,0.069903,0.347028
2003-11-18 05:42:30,-0.162546,-0.914417,-0.551943,-0.124667,0.183502,0.116598,-0.218179,-0.328647,-0.102557,-0.074485
2003-11-18 05:52:30,0.995597,-0.179246,0.354023,0.738357,-0.406042,0.406276,0.041723,-0.002015,0.317016,-0.158335
2003-11-18 06:02:30,-0.658040,-0.594471,0.643242,-0.640065,0.507860,0.377758,0.070510,-0.110606,0.482204,0.198638
2003-11-18 06:12:30,-1.112431,0.564529,-0.541891,0.648555,-0.319988,-0.200545,-0.455477,-0.027430,0.144504,0.079904
2003-11-18 06:22:30,-1.021637,0.823108,-0.449201,1.115943,-0.053609,-0.254618,-0.751665,-0.086617,0.179204,0.177892
2003-11-18 06:32:30,0.934666,-0.314986,0.530513,0.583859,-0.427580,0.412384,0.167163,0.017863,0.286765,-0.195444
2003-11-18 06:42:30,-1.528126,0.215919,-0.044716,-0.401516,-0.460666,0.185938,0.546048,0.333938,0.066739,0.055613
2003-11-18 06:52:30,-1.063112,-0.221223,0.551139,-0.758845,-0.466030,-0.091700,-0.124973,0.220366,-0.265489,-0.141088
2003-11-18 07:02:30,0.271411,-0.746138,0.645421,0.075203,0.350246,0.390906,0.501394,-0.110952,-0.236151,-0.007218
2003-11-18 07:12:30,-0.886395,-0.073929,0.083725,0.105652,0.318400,0.477984,1.073261,0.358247,-0.050685,-0.216329
2003-11-18 07:22:30,-1.583803,0.235382,-0.018448,-0.415816,-0.440472,0.209063,0.567235,0.303343,-0.038958,0.244293
2003-11-18 07:32:30,-1.437947,0.876564,0.172367,0.695927,-0.063967,-0.045636,-0.145992,0.094484,0.249864,-0.172064
2003-11-18 07:42:30,-1.585577,1.063040,0.334280,0.466590,0.392360,-0.316215,0.099084,-0.107612,0.116284,-0.258016
2003-11-18 07:52:30,-0.731666,-0.488151,-0.704242,-0.431663,-0.372952,-0.123597,-0.431660,-0.419255,-0.051291,-0.175704
2003-11-18 08:02:30,-1.117523,-0.140107,-0.557263,-0.546245,-0.436658,-0.105394,-0.048623,-0.109081,0.002947,-0.008014
2003-11-18 08:12:30,-0.925191,-0.216165,0.875352,-0.584325,-0.023141,-0.062785,-0.222397,-0.037609,0.078006,0.287792
2003-11-18 08:22:30,-1.590500,1.229875,0.521920,0.642860,0.420045,-0.269591,-0.031110,-0.034764,0.006610,0.052553
2003-11-18 08:32:30,-1.467099,0.504903,0.012469,-0.333317,-0.022680,-0.101742,0.538023,0.165313,0.067624,-0.448628
2003-11-18 08:42:30,0.675969,0.728365,0.943086,-0.160648,-0.259851,0.971104,0.386828,-0.210044,-0.222358,-0.180908
2003-11-18 08:52:30,0.139141,-0.376852,-0.806752,0.307711,0.575228,-0.087027,0.539138,0.570833,0.370300,0.397055
2003-11-18 09:02:30,1.412952,1.714545,-0.609270,-0.887513,0.599438,0.454666,-0.770335,0.920273,-0.419635,-0.459456
2003-11-18 09:12:30,-0.021105,-0.643385,0.106674,-0.076629,-0.684413,-0.367032,-0.968508,0.239898,-0.007057,0.084447
2003-11-18 09:22:30,0.933570,-0.492920,0.030275,0.238936,0.185467,-0.243362,-0.148115,0.663643,0.545017,0.212458
2003-11-18 09:32:30,-0.450324,-0.666927,0.063296,-0.384511,0.416368,0.130601,-0.351307,-0.235451,0.523391,0.365812
2003-11-18 09:42:30,-0.964463,-0.060746,-1.006096,0.053873,-0.666202,0.040711,0.050196,0.113301,-0.054669,0.262364
2003-11-18 09:52:30,1.084010,-0.477856,0.279595,0.309727,0.032807,-0.496237,0.039839,0.396599,-0.203811,-0.212149
2003-11-18 10:02:30,-1.315801,-0.185316,0.146725,-0.885243,-0.199889,0.100966,0.192707,-0.149898,-0.073517,-0.154824
2003-11-18 10:12:30,1.384289,1.476036,-0.385021,-0.747360,0.194270,0.202060,-0.413296,0.684077,0.105806,-0.551206
2003-11-18 10:22:30,-1.145311,1.480531,0.705009,0.689532,0.745766,-0.143920,-0.404969,-0.085152,-0.004500,-0.136101
2003-11-18 10:32:30,0.568236,-0.328285,0.347014,0.356236,-0.738617,-0.024432,-0.380519,0.017523,0.510190,-0.066028
2003-11-18 10:42:30,-0.587375,-0.558476,-0.875729,-0.061678,-0.120256,-0.020514,0.039041,-0.291177,-0.397408,-0.267850
2003-11-18 10:52:30,-0.998552,-0.093125,-0.969343,-0.005475,-0.684271,0.035344,0.091761,0.154225,-0.057112,0.328611
2003-11-18 11:02:30,-1.467758,0.187074,-0.068146,-0.515185,-0.465574,0.238597,0.605839,0.328180,0.009713,0.110255
2003-11-18 11:12:30,1.001706,1.005266,0.355817,-0.191827,-0.089580,0.945117,0.419504,-0.481888,-0.326995,0.381539
2003-11-18 11:22:30,0.845086,-0.487835,-0.273135,-0.288462,0.682988,-0.643246,-0.102748,0.277953,0.167067,0.599270
2003-11-18 11:32:30,0.072235,-0.617132,1.232575,-0.013603,0.330180,0.200290,0.160880,0.517406,-0.315380,0.188142
2003-11-18 11:42:30,-0.126098,-0.888129,-0.463883,-0.157374,0.274360,0.123265,-0.224539,-0.291477,-0.162331,0.191873
2003-11-18 11:52:30,-0.761239,0.840550,-0.385793,1.063550,-0.075068,-0.153350,-1.007353,-0.182658,0.288342,-0.233543
2003-11-18 12:02:30,-0.529368,-0.458584,-0.374722,-0.237748,-0.682142,-0.278613,-0.657349,0.015132,-0.335257,-0.054580
2003-11-18 12:12:30,1.401562,0.688743,0.029733,0.137819,-0.586016,0.287790,0.018204,-0.683825,0.234695,0.095531
2003-11-18 12:22:30,-1.470821,0.206809,-0.038075,-0.489457,-0.447400,0.206780,0.562711,0.297041,0.049461,-0.016948
2003-11-18 12:32:30,0.911973,0.234318,0.928976,0.360221,-0.482942,0.560196,0.578793,-0.271742,0.180274,-0.102138
2003-11-18 12:42:30,-1.302979,1.097481,-0.147292,0.905465,0.284799,-0.541995,-0.519665,-0.165095,0.188935,0.024022
2003-11-18 12:52:30,0.684022,-0.979221,0.179322,0.478173,0.073064,-0.064939,-0.426741,0.336504,-0.131140,-0.153930
2003-11-18 13:02:30,1.449282,0.694782,0.237165,-0.117744,-0.269478,-0.371569,0.613365,-0.305891,0.655250,-0.012357
2003-11-18 13:12:30,1.475015,0.565929,-0.071157,0.123312,-0.237533,0.173354,0.221127,-0.118185,0.275507,-0.047091
2003-11-18 13:22:30,0.431176,-0.702671,-0.718217,-0.271540,0.968431,-0.290923,0.277902,0.497838,0.549685,-0.611498
2003-11-18 13:32:30,0.811978,-0.731760,0.446241,0.512049,-0.111096,-0.086694,-0.084475,0.117361,-0.356914,-0.362224
2003-11-18 13:42:30,-0.024162,-0.602902,-0.707071,-0.393655,0.487005,-0.389627,0.020243,0.014546,0.064695,-0.143474
2003-11-18 13:52:30,1.415176,0.382341,0.188605,0.257607,-0.571305,-0.063092,0.223620,-0.752998,0.313907,0.028288
2003-11-18 14:02:30,-0.954300,0.073909,-0.942860,0.245754,-0.670901,-0.028486,-0.149756,0.241840,0.077273,0.128624
2003-11-18 14:12:30,-1.020474,-0.082175,-0.925030,0.025341,-0.674840,0.025149,0.148474,0.147608,-0.005521,0.115537
2003-11-18 14:22:30,-0.963140,-0.356605,-0.389634,-0.704263,-0.294864,-0.119973,-0.369298,-0.319608,0.045389,-0.015870
2003-11-18 14:32:30,0.542514,-0.755710,0.045806,0.519932,-0.175176,0.113071,-0.111566,0.329152,0.091588,-0.134268
2003-11-18 14:42:30,0.406927,-0.997460,-0.177950,0.268655,0.331324,0.160259,-0.109808,-0.088228,-0.038954,-0.032922
2003-11-18 14:52:30,1.573242,0.605874,0.090627,0.025549,-0.334843,-0.418747,0.484354,-0.317586,0.571393,0.107976
2003-11-18 15:02:30,-0.460135,-0.723041,-0.351292,-0.421455,-0.078070,-0.041422,-0.694019,-0.425605,0.290812,0.196887
2003-11-18 15:12:30,1.570228,1.156930,-0.466856,-0.278133,0.019510,0.235695,0.139202,-0.320632,0.003023,0.384196
2003-11-18 15:22:30,-0.198545,-0.682577,0.109516,0.213958,0.639344,0.613699,0.608740,0.194860,0.030698,0.282304
2003-11-18 15:32:30,-0.992556,0.912752,-0.330353,1.161220,0.070530,-0.375082,-0.938777,-0.301209,0.234512,-0.171775
2003-11-18 15:42:30,-0.997904,-0.315820,-0.358592,-0.688795,-0.253819,-0.159931,-0.411488,-0.377350,0.101679,-0.289817
2003-11-18 15:52:30,0.147765,-1.034150,-0.357515,0.086267,0.589051,0.253577,-0.202147,-0.298607,0.199203,-0.120072
2003-11-18 16:02:30,-1.529955,0.879060,0.421247,0.371056,-0.113076,0.082004,-0.129667,0.308473,0.147570,0.285556
2003-11-18 16:12:30,-1.217405,-0.218262,0.235727,-0.920983,-0.181902,0.140056,-0.009034,-0.224965,0.060437,-0.409811
2003-11-18 16:22:30,1.717332,1.303315,-0.292905,-0.433277,-0.039180,0.385701,-0.207736,-0.089775,0.000162,0.112217
2003-11-18 16:32:30,-0.965721,-0.448998,-0.675772,-0.480338,-0.443196,0.027652,-0.023869,-0.204471,-0.028712,0.055201
2003-11-18 16:42:30,1.348737,1.797785,-0.632381,-0.908076,0.718907,0.615496,-0.842353,1.043749,-0.565122,-0.500783
2003-11-18 16:52:30,-1.347476,0.057918,0.469373,-0.585342,0.115679,-0.019192,-0.069314,-0.328121,-0.016909,-0.138426
2003-11-18 17:02:30,-1.585129,0.513704,0.169732,-0.080693,0.081509,-0.130155,0.348632,-0.165336,-0.006267,-0.050947
2003-11-18 17:12:30,-0.016902,-0.854058,-0.698445,0.106592,0.382123,0.235242,0.200453,-0.289952,-0.252899,-0.261735
2003-11-18 17:22:30,-0.633120,-0.562971,0.054601,-0.216497,0.085832,0.504200,0.340391,0.190645,0.263298,0.410499
2003-11-18 17:32:30,-1.110606,0.214155,-0.682802,0.264958,-0.565987,-0.010187,-0.114459,0.178289,0.098259,0.019051
2003-11-18 17:42:30,-1.547730,0.985927,0.286487,0.214501,0.456876,-0.333329,0.345976,-0.122528,-0.112989,-0.081120
2003-11-18 17:52:30,-1.278307,0.252003,0.474105,-0.632934,0.483480,-0.230725,-0.083896,-0.624041,-0.203822,-0.458786
2003-11-18 18:02:30,-0.194324,-0.526715,1.260182,-0.359035,-0.044631,0.062318,-0.312639,0.486689,0.224517,0.084733
2003-11-18 18:12:30,-1.541428,0.813495,0.283196,0.098613,0.141140,-0.119096,0.269164,-0.003658,-0.073019,-0.114982
2003-11-18 18:22:30,0.634850,-0.011081,0.658881,0.485823,-0.068292,0.851473,0.472053,0.137554,0.148101,-0.287377
2003-11-18 18:32:30,-1.253179,-0.224451,0.232495,-0.961952,-0.189599,0.170517,0.142013,-0.191432,-0.100308,-0.091795
2003-11-18 18:42:30,1.323597,1.339407,-0.448520,-0.483713,0.133444,0.554894,-0.353806,0.022215,-0.188267,0.164324
2003-11-18 18:52:30,0.361690,-0.823585,0.264823,0.185084,-0.320198,-0.181644,-0.856322,0.272069,0.297061,-0.089667
2003-11-18 19:02:30,-0.354881,-0.818486,-0.017603,-0.306832,0.446097,0.229557,-0.084380,-0.247860,0.424243,-0.284700
2003-11-18 19:12:30,-1.009571,-0.094742,-0.959344,-0.003044,-0.692617,0.025149,0.105237,0.129308,-0.035673,0.301707
2003-11-19 09:06:09,-1.249774,0.418469,-0.294952,-0.018156,0.286744,-0.596114,-0.300061,-0.637946,-0.085064,-0.467763
2003-11-19 09:12:30,1.323681,0.215335,0.213386,0.171232,-0.452794,-0.233785,0.134240,-0.662976,-0.070772,-0.147670
2003-11-19 09:22:30,-1.532746,0.213507,-0.040705,-0.446096,-0.475246,0.229950,0.571142,0.313279,0.025688,0.098009
2003-11-19 11:04:17,-0.179796,-1.019520,-0.534850,-0.072152,0.157963,0.204243,-0.176725,-0.116448,0.241811,0.171731
2003-11-19 11:06:07,-1.349155,-0.012041,0.128382,-0.713538,-0.324542,0.216417,0.342299,0.143594,0.017868,0.127109
2003-11-19 11:16:07,1.037299,-0.484038,0.341530,0.449676,-0.283744,-0.291373,-0.045029,-0.237407,-0.564985,0.045842
2003-11-19 11:26:07,-1.210750,-0.281362,0.241646,-1.026706,-0.202263,0.166457,0.109279,-0.179200,-0.061942,-0.144715
2003-11-19 11:36:07,-1.199480,0.879020,-0.141660,0.623304,0.006786,-0.327582,-0.566389,-0.001254,0.412371,-0.403599
2003-11-19 11:46:07,1.475937,1.213814,-0.311805,-0.318261,0.104354,0.272636,-0.049113,-0.131440,-0.130527,0.424015
2003-11-19 11:56:07,-1.309048,0.248594,0.539587,-0.594090,0.477413,-0.192167,-0.018605,-0.626670,-0.273518,-0.263379
2003-11-19 12:06:07,1.187048,1.225031,-0.494293,-0.117184,0.051363,0.942858,-0.555512,-0.308970,-0.584965,0.057974
2003-11-19 12:16:07,0.943825,-0.024513,-0.089003,0.608603,-0.084401,0.799545,-0.029329,-0.016505,0.054971,-0.256024
2003-11-19 12:26:07,-0.047103,-0.937789,0.291816,-0.068287,0.811485,0.573907,0.336981,-0.131731,-0.060345,0.067719
2003-11-19 12:36:07,1.135245,0.108746,-0.024239,-0.012407,0.164658,-0.226825,0.053178,0.322576,1.004761,0.333478
2003-11-19 12:46:07,0.495866,-1.081348,0.169541,0.329646,0.294610,0.040681,-0.270542,0.151980,-0.347854,0.388463
2003-11-19 12:56:07,0.804732,-0.377601,0.994180,0.278295,-0.236242,0.037582,0.447497,0.001896,-0.635357,-0.269505
2003-11-19 13:06:07,-1.549833,1.221610,0.450490,0.653770,0.367858,-0.271322,-0.099826,-0.045049,0.162984,-0.300156
2003-11-19 13:16:07,-1.449458,0.842425,0.377933,0.282319,-0.150059,0.109581,-0.125929,0.338285,0.207661,0.068622
2003-11-19 13:26:07,-0.947798,-0.372519,0.400951,-0.714735,0.217315,0.335972,0.286984,-0.135954,0.097572,-0.016739
2003-11-19 13:36:07,0.674786,-0.869089,0.141487,0.510260,0.048515,0.177629,-0.274446,0.209119,0.362174,0.024654
2003-11-19 13:46:07,1.421486,1.297926,-0.394284,-0.404301,0.116161,0.424252,-0.079698,-0.114627,-0.243640,0.474413
2003-11-19 13:56:07,0.765271,-0.073765,0.899013,0.514291,-0.299822,0.718912,0.497149,0.090832,0.412648,-0.487933
2003-11-19 14:06:07,1.237561,0.070802,0.323722,0.535326,-0.571124,0.295831,0.216829,-0.412612,0.246748,-0.163622
2003-11-19 14:16:07,0.909847,-0.330759,0.689734,0.320924,-0.220678,-0.140328,0.297991,-0.260673,-0.665142,-0.104680
2003-11-19 14:26:07,1.511245,0.183412,0.016077,-0.390007,0.072441,-1.152137,0.227723,0.384289,-0.044094,-0.184652
2003-11-19 14:36:07,1.341216,1.535367,-0.395645,-0.682005,0.218782,0.636991,-0.359169,0.266258,-0.319276,0.395785
2003-11-19 14:46:07,1.411984,1.296519,-0.594760,-0.363805,0.287785,0.599448,-0.173657,0.054924,-0.449237,0.449325
2003-11-19 14:56:07,0.725090,-0.848320,0.122745,0.270099,0.295862,-0.201028,-0.329336,0.790130,-0.029974,-0.503787
2003-11-19 15:06:07,0.205072,-1.059613,-0.294782,0.109740,0.668577,0.329707,-0.040225,-0.300247,0.034116,0.065853
2003-11-19 15:16:07,0.246291,-1.111259,-0.082845,0.191033,0.549278,0.127039,-0.188111,-0.144482,-0.062820,-0.015557
2003-11-19 15:26:07,-0.042571,-0.302319,1.337359,-0.288250,-0.325008,-0.061467,-0.030122,0.165085,0.073825,-0.329644
2003-11-19 15:36:07,0.893384,-0.297161,0.313790,0.537065,-0.506386,0.478383,-0.023655,0.062848,0.427566,-0.157975
2003-11-19 15:46:07,-1.562985,0.671037,0.161441,0.055721,-0.025911,-0.039318,0.368866,0.033642,-0.009539,0.128148
2003-11-19 15:56:07,-0.699690,-0.354663,-0.095150,-0.553167,-0.651529,-0.374284,-0.665481,0.042895,0.035793,-0.531926
2003-11-19 16:06:07,-0.595871,-0.429706,-0.805858,0.021806,-0.194979,0.148260,0.208431,-0.021781,-0.220855,-0.174116
2003-11-19 16:16:07,0.280672,-0.327009,1.094288,-0.107023,0.159428,-0.035058,0.364135,0.050201,-0.360348,0.003491
2003-11-19 16:26:07,0.746275,-0.761196,0.196453,0.611727,-0.065807,0.187929,-0.296509,0.315794,0.298203,0.142469
2003-11-19 16:36:07,0.343926,-0.903689,-0.205888,0.072096,0.443259,-0.069700,-0.215627,0.572687,0.041245,-0.500222
2003-11-19 16:46:07,-0.993401,1.485153,0.730843,0.579655,0.736229,0.023762,-0.429282,-0.066852,-0.008200,-0.210734
2003-11-19 16:56:07,-0.513419,-0.411431,1.085876,-0.641778,-0.435530,-0.131737,-0.485474,0.400762,0.016031,0.104866
2003-11-19 17:06:07,1.686507,1.183781,-0.264581,-0.885113,0.242677,-0.272578,-0.393333,0.609812,-0.168424,-0.688047
2003-11-19 17:16:07,0.349671,-1.090150,-0.086912,0.267829,0.502907,0.084933,-0.268765,-0.071748,-0.176342,0.147403
2003-11-19 17:26:07,-0.971761,-0.366397,0.558442,-0.894203,0.259176,0.068194,-0.159027,-0.179568,0.270996,0.160164
2003-11-19 17:36:07,0.415347,-0.779774,-0.239249,0.263508,0.320058,0.199931,0.159185,-0.534703,-0.059901,-0.442565
2003-11-19 17:46:07,0.123450,-1.018456,-0.438308,0.229340,0.600408,0.306752,0.071949,-0.171072,0.156936,0.105292
2003-11-19 17:56:07,-0.994306,0.706935,-0.629421,1.040185,-0.183380,-0.283849,-0.576169,-0.014370,0.101512,0.240585
2003-11-19 18:06:07,-0.161765,-0.936126,0.284226,-0.155684,0.686457,0.573166,0.373331,-0.112442,-0.146892,0.323805
2003-11-19 18:16:07,-1.007383,-0.131831,-0.225827,-0.669742,0.050320,-0.314639,-0.355901,-0.514963,0.103603,-0.669816
2003-11-19 18:26:07,1.512522,1.232937,-0.096812,-0.674396,-0.031522,0.141591,-0.285613,0.159486,0.049749,-0.158258
2003-11-19 18:36:07,0.931212,-0.504948,0.189009,0.305631,-0.275491,-0.290843,0.094012,-0.487241,-0.527356,-0.244238
2003-11-19 18:46:07,-1.606950,1.209816,0.500543,0.665269,0.397462,-0.272665,-0.060430,-0.046686,0.058001,-0.086349
2003-11-19 18:56:07,-1.227499,0.080624,-0.671791,-0.241557,-0.590354,-0.043960,0.132391,0.168151,0.136160,0.170779
2003-11-19 19:06:07,1.024415,0.357664,-0.117585,0.542281,-0.360708,0.585388,-0.032356,-0.471277,0.009978,-0.312887
2003-11-19 19:16:07,0.742899,-0.603717,0.064873,0.172919,0.374700,-0.182254,0.099051,0.503190,0.490526,0.227204
2003-11-19 19:26:07,-1.231939,-0.249834,0.166543,-0.929731,-0.195226,0.095012,0.044261,-0.160981,0.071126,-0.390760
2003-11-19 19:36:07,-0.991822,-0.323567,0.598250,-0.790435,-0.321156,0.007676,0.047535,0.113155,-0.023408,0.152935
2003-11-19 19:46:07,-1.333139,1.482010,0.690689,0.729594,0.664335,-0.287939,-0.518096,-0.089890,0.101540,-0.209535
2003-11-19 19:56:07,-1.492533,1.047934,0.474407,0.531502,0.081009,-0.014896,-0.194358,0.140721,0.170765,0.110115
2003-11-19 20:06:07,0.616183,-1.077256,0.135876,0.376493,0.214656,-0.024877,-0.344390,0.101402,-0.124888,-0.207005
2003-11-19 20:16:07,1.468236,0.384055,0.227038,-0.051299,-0.255480,-0.676587,0.407906,-0.281707,0.330913,0.028074
2003-11-19 20:26:07,1.141310,0.359077,-0.066047,0.542703,-0.330935,0.714416,0.113610,-0.425822,-0.070004,-0.251121
2003-11-19 20:36:07,0.188971,-1.038715,-0.352525,0.138815,0.666129,0.281428,-0.036173,-0.297156,0.121270,-0.065696
2003-11-19 20:46:07,-0.026497,-0.759057,-0.565673,0.417163,0.510821,0.225893,0.162929,-0.055629,0.106081,-0.033911
2003-11-19 20:56:07,-1.492927,1.125149,0.420540,0.463124,0.394928,-0.211363,0.070162,-0.080514,0.044606,-0.229630
2003-11-19 21:06:07,-1.035330,-0.105598,-0.923690,-0.103100,-0.702075,0.045485,0.111191,0.142951,0.075611,0.041084
2003-11-19 21:16:07,-0.496110,-0.554249,0.891263,-0.573204,0.175238,0.251841,0.023712,0.092268,0.322641,0.196964
2003-11-19 21:26:07,-0.975970,-0.100585,-0.986563,-0.035166,-0.711294,0.024381,0.079922,0.129709,-0.023616,0.212096
2003-11-19 21:36:07,-1.610104,1.239164,0.503075,0.661715,0.406367,-0.256099,-0.027767,0.011564,-0.045397,0.204374
2003-11-19 21:46:07,-1.563990,1.091593,0.383565,0.401140,0.341431,-0.224164,0.112447,-0.052229,-0.019505,-0.171717
2003-11-19 21:56:07,0.603782,-0.967660,0.149630,0.524990,0.091199,-0.040942,-0.276676,0.356268,-0.257730,0.162734
2003-11-19 22:06:07,-1.366190,-0.039994,0.082921,-0.744845,-0.295976,0.123280,0.291384,-0.045752,-0.059421,-0.212172
2003-11-19 22:16:07,-0.139376,-0.849051,-0.506940,-0.015918,0.262126,0.104741,-0.287328,-0.361097,-0.039312,-0.136579
2003-11-20 11:50:35,0.281355,-0.790867,-0.642317,-0.162173,0.784100,-0.180948,0.178130,0.121487,0.308477,0.132151
2003-11-20 11:54:03,1.401514,0.339075,0.060542,-0.292598,-0.055572,-0.927890,0.032947,-0.092645,-0.511610,0.365410
2003-11-20 11:59:03,0.602582,-0.833194,-0.247436,-0.004624,0.531116,-0.311350,-0.094033,0.439306,-0.043127,0.033522
2003-11-20 12:04:03,1.175294,0.551782,-0.166091,0.438340,-0.261210,0.956850,-0.133057,-0.474050,-0.121951,-0.253907
2003-11-20 12:09:03,-0.162001,0.284102,-0.704868,0.745075,0.221766,-0.018525,0.296251,0.158394,0.090974,0.295058
2003-11-20 12:14:03,1.015403,-0.394953,0.450031,0.647212,-0.410763,0.340193,0.091778,-0.009346,0.308086,-0.232044
2003-11-20 12:19:03,1.705670,0.699535,0.039844,-0.097744,-0.343350,-0.298019,0.350701,-0.376373,0.477174,0.139566
2003-11-20 12:24:03,-1.200782,-0.061128,-0.652584,-0.385898,-0.442268,-0.137712,0.039642,-0.058360,0.101115,-0.017216
2003-11-20 12:29:03,-1.048560,-0.176747,0.561842,-0.745388,-0.458575,-0.119675,-0.190909,0.182924,-0.255494,-0.253904
2003-11-20 12:34:03,-0.715246,-0.245337,-0.339891,0.088075,-0.512176,-0.545439,-0.791998,-0.078511,-0.237949,-0.302232
2003-11-20 12:39:03,1.193454,0.611839,-0.109966,0.401766,-0.346540,0.990357,-0.085185,-0.526365,-0.105200,-0.182574
2003-11-20 12:44:03,1.519545,1.126060,-0.419758,-0.275676,0.154605,0.248785,-0.112798,-0.077503,-0.411308,0.431177
2003-11-20 12:49:03,-0.196097,-0.886193,-0.369140,-0.158913,0.244114,0.117572,-0.440473,-0.330413,0.499347,-0.043558
2003-11-20 12:54:03,1.600376,0.521478,0.038534,-0.252233,-0.155495,-0.957298,0.415102,0.243682,0.415002,-0.305277
2003-11-20 12:59:03,0.182709,-1.047503,-0.307305,0.118231,0.638444,0.248369,-0.191899,-0.352866,0.157664,0.033379
2003-11-20 13:04:03,-0.284737,-0.883378,-0.388132,-0.285229,0.092574,0.082204,-0.544421,-0.312786,0.513477,-0.029427
2003-11-20 13:09:03,0.550228,-0.630490,0.503939,0.169974,0.027653,-0.203897,0.038709,-0.060008,-0.193570,-0.525381
2003-11-20 13:14:03,-0.373180,-0.315444,-0.910554,0.756218,0.142525,0.244017,0.569732,0.199014,-0.092583,-0.044129
2003-11-20 13:19:03,1.373640,0.825988,-0.035315,0.114729,-0.440814,0.526292,-0.075833,-0.607762,-0.023004,0.147451
2003-11-20 13:24:03,-0.844853,-0.309279,-0.836845,-0.207787,-0.539600,-0.008432,-0.160195,-0.057744,0.040344,0.108872
2003-11-20 13:29:03,-0.439269,-0.149074,1.054197,-0.477743,-0.663689,0.129118,-0.334125,0.460054,0.616119,-0.018025
2003-11-20 13:34:03,1.206833,-0.020944,0.198044,0.152873,-0.381712,-0.657435,0.037792,-0.547739,-0.384096,-0.033865
2003-11-20 13:39:03,-0.952461,-0.161501,-1.076492,0.025725,-0.717185,0.003706,0.080124,0.161047,0.028718,0.136262
2003-11-20 13:44:03,1.135660,0.193802,0.096693,0.629399,-0.378483,0.446995,0.219822,-0.432631,0.012081,0.048769
2003-11-20 13:49:03,-0.890856,-0.243570,-0.854687,-0.106984,-0.467974,-0.125542,-0.285830,-0.234878,-0.046685,-0.161757
2003-11-20 13:54:03,-1.041893,-0.184563,0.080076,-0.484912,0.033485,0.020789,-0.076352,-0.513277,-0.322410,-0.087986
2003-11-20 13:59:03,0.184826,-0.797743,0.902307,0.180714,0.014150,0.193544,-0.053218,0.503045,-0.351286,0.280236
2003-11-20 14:04:03,1.438488,0.145025,0.117064,-0.125359,-0.173705,-0.984605,0.184340,-0.275432,-0.316952,0.196813
2003-11-20 14:09:03,-1.560208,0.278196,-0.040325,-0.376986,-0.401569,0.174524,0.552371,0.343256,0.063190,0.089483
2003-11-20 14:14:03,-0.089293,-0.481009,-0.039285,-0.095536,-0.881187,-0.151014,-0.688700,0.220744,0.279023,0.281352
2003-11-20 14:19:03,-0.794537,-0.349535,-0.920790,-0.243501,-0.554034,-0.091699,-0.243483,-0.276227,0.003910,-0.374214
2003-11-20 14:24:03,0.095585,-1.043671,-0.446460,0.096993,0.577678,0.250304,0.023733,-0.296973,0.003414,-0.060431
2003-11-20 14:29:03,-1.206189,0.355761,-0.853283,0.597247,-0.302942,-0.276717,-0.054613,-0.070806,-0.055403,0.243330
2003-11-20 14:34:03,1.273980,0.440818,0.097665,-0.167570,-0.227924,-0.112156,-0.427364,-0.348791,-0.796414,0.184241
2003-11-20 14:39:03,1.445028,0.116529,0.188061,-0.180271,-0.072398,-1.017796,0.293719,-0.147606,-0.369206,0.452413
2003-11-20 14:44:03,-0.616754,-0.012653,-0.811083,0.897400,-0.168267,0.172518,0.131378,0.398796,-0.150024,0.092731
2003-11-20 14:49:03,1.535789,1.297061,-0.336338,-0.497237,-0.003742,0.344252,-0.323706,-0.071238,-0.142610,0.292699
2003-11-20 14:54:03,0.037551,-1.022133,-0.218571,0.022017,0.638053,0.359562,0.129068,-0.296159,-0.070410,-0.014726
2003-11-20 14:59:03,1.199923,-0.115629,0.311288,0.153714,-0.391567,-0.584632,0.033806,-0.449610,-0.456294,0.068514
2003-11-20 15:04:03,1.561680,0.433371,0.191415,-0.102991,-0.367727,-0.630936,0.401802,-0.217887,0.341324,0.540971
2003-11-20 15:09:03,0.371575,-0.629470,0.824487,0.355018,0.097984,0.444302,0.193957,0.478242,0.070880,0.244715
2003-11-20 15:14:03,-1.595269,0.833545,0.329047,0.192915,0.179776,-0.098603,0.278137,0.084981,0.022644,-0.003839
2003-11-20 15:19:03,-1.406739,1.120456,0.557287,0.522412,0.167236,0.054133,-0.264388,0.102300,0.049354,0.309785
2003-11-20 15:24:03,-1.355507,0.245661,0.452803,-0.585528,0.441899,-0.185671,0.094118,-0.566281,-0.245765,-0.216877
2003-11-20 15:29:03,0.035663,-1.039190,-0.330412,-0.026055,0.407240,0.228731,-0.388484,-0.335077,0.442778,-0.171028
2003-11-20 15:34:03,0.920308,-0.544843,0.024431,0.077802,0.165708,-0.571065,-0.270029,0.307748,-0.064454,0.443167
2003-11-20 15:39:03,0.780068,0.068906,0.194152,0.486906,-0.141528,0.989106,0.066184,0.049490,-0.000208,-0.128482
2003-11-20 15:44:03,-1.236625,-0.276672,0.245362,-0.986509,-0.175509,0.138616,0.067210,-0.207206,-0.056466,-0.184599
2003-11-20 15:49:03,1.316172,1.294304,-0.644670,-0.261599,0.158265,0.816815,-0.490392,-0.129988,-0.543611,0.182947
2003-11-20 15:54:03,0.331889,-0.621048,0.735804,0.243410,-0.160610,0.418342,0.083394,0.504604,0.181727,-0.088514
2003-11-20 15:59:03,-1.554545,1.051667,0.370767,0.407769,0.290306,-0.234162,0.123152,-0.060661,0.015451,-0.157855
2003-11-20 16:04:03,-1.652202,0.758982,0.232234,0.154362,0.055059,-0.082464,0.360180,0.005456,-0.061226,0.266395
2003-11-20 16:09:03,-1.350365,-0.137754,0.132205,-0.858014,-0.159029,0.100147,0.167005,-0.158705,0.103030,-0.425973
2003-11-20 16:14:03,-1.253483,1.432966,0.691560,0.711383,0.750401,-0.192597,-0.215848,-0.029764,-0.144637,0.301391
2003-11-20 16:19:03,1.040480,-0.083870,0.359619,0.043920,-0.176608,-0.605279,0.158188,-0.764726,-0.431509,-0.024391
2003-11-20 16:24:03,-1.147732,-0.090918,-0.503371,-0.468320,-0.402001,-0.112228,-0.105166,-0.200963,0.003008,-0.022808
2003-11-20 16:29:03,-0.456500,0.447988,-0.900820,0.580439,0.193857,-0.378671,0.386504,0.560851,-0.104246,0.133756
2003-11-20 16:34:03,1.712693,1.164835,-0.146905,-0.490598,-0.089507,-0.213224,0.178600,0.259334,0.675054,-0.570925
2003-11-20 16:39:03,0.410683,-1.015811,-0.088984,0.365504,0.327468,0.096942,-0.324738,0.136713,-0.154422,0.016348
2003-11-20 16:44:03,-1.571594,0.641973,0.182036,-0.151752,0.134847,-0.126323,0.502766,-0.098784,-0.147386,-0.057144
2003-11-20 16:49:03,-1.529417,1.140351,0.361840,0.428815,0.438082,-0.353349,0.152697,0.007653,-0.020445,-0.125896
2003-11-20 16:54:03,1.148650,-0.132070,0.210319,0.381843,-0.417609,-0.226545,-0.074750,-0.104840,0.359807,-0.160621
2003-11-20 16:59:03,-1.302410,-0.133496,0.233814,-0.800424,-0.073702,0.002857,0.007305,-0.244103,0.016390,-0.322768
2003-11-20 17:04:03,-1.469083,0.519362,0.120322,-0.019768,-0.408182,0.184941,0.156828,0.454849,0.185920,0.084060
2003-11-20 17:09:03,1.103005,0.984713,0.085065,-0.151391,-0.285467,0.708922,-0.035577,-0.628004,-0.026166,0.377775
2003-11-20 17:14:03,1.631021,1.178656,-0.305185,-0.348314,0.075777,0.165533,0.229821,0.088500,0.239245,-0.147585
2003-11-20 17:19:03,-1.665635,0.932835,0.368325,0.464030,-0.050275,-0.068411,-0.025511,0.254427,0.117728,0.269415
2003-11-20 17:24:03,1.015788,1.214819,0.304951,-0.289699,0.017573,1.113659,0.086962,-0.304006,-0.519238,0.386704
2003-11-20 17:29:03,1.548303,1.432411,-0.581975,-0.540281,0.348841,0.333514,-0.098357,0.289081,-0.019868,-0.093138
2003-11-20 17:34:03,-1.384432,1.361320,0.748439,0.667831,0.512795,-0.103391,-0.465122,-0.129492,0.059715,-0.135420
2003-11-20 17:39:03,-1.160429,-0.227992,0.418460,-0.859037,0.273026,0.015186,0.014661,-0.333459,0.070167,-0.259336
2003-11-20 17:44:03,-0.503420,-0.400003,-0.829182,0.449383,-0.087285,0.371218,0.728461,0.261801,-0.219850,-0.095361
2003-11-20 17:49:03,-0.863189,0.140539,-0.687066,0.091654,0.091242,-0.414473,-0.335976,-0.651917,-0.213874,-0.489651
2003-11-20 17:54:03,-0.667559,0.392020,-0.759554,1.178362,-0.026036,-0.010841,-0.120188,0.212201,-0.186168,-0.025956
2003-11-20 17:59:03,-1.111641,0.463979,-0.673294,0.579686,-0.184417,-0.270603,-0.209528,-0.196415,0.050961,0.080914
2003-11-20 18:04:03,0.583869,-0.967038,0.261579,0.380305,0.044442,-0.023345,-0.390454,0.308516,-0.228986,0.086281
2003-11-20 18:09:03,-0.403369,-0.664831,-0.783892,-0.131245,-0.033083,0.067435,0.001787,-0.358951,-0.343783,-0.472562
2003-11-20 18:14:03,-1.075720,0.559989,-0.591412,0.765857,-0.151286,-0.227138,-0.282110,-0.139049,-0.075361,0.486006
2003-11-20 18:19:03,-1.575915,1.305098,0.516293,0.657338,0.502960,-0.326958,0.019723,0.026450,-0.070337,0.223016
2003-11-20 18:24:03,-0.301898,-0.490175,1.231376,-0.350789,-0.108808,0.032054,-0.245055,0.497516,0.041297,0.257425
2003-11-20 18:29:03,1.072508,0.308044,-0.166182,0.349513,-0.192039,0.985708,-0.164722,-0.381740,-0.079368,-0.160456
2003-11-20 18:34:03,0.992380,0.613008,-0.178682,0.299965,-0.380668,0.920427,-0.340829,-0.439965,0.121575,-0.276927
2003-11-20 18:39:03,0.437291,-1.015321,-0.025845,0.334577,0.362269,0.099327,-0.371979,0.122863,-0.097789,-0.009798
2003-11-20 18:44:03,-1.202341,0.192736,-0.618382,-0.038541,-0.575015,-0.064556,-0.087500,0.189570,0.352416,-0.085037
2003-11-20 18:49:03,-0.920578,-0.264224,-0.820801,-0.220001,-0.482157,-0.054615,-0.136356,-0.243879,-0.156591,0.013884
2003-11-20 18:54:03,1.189118,-0.144330,-0.162852,-0.576751,0.536173,-1.030535,-0.013647,0.314824,0.127423,0.038560
2003-11-20 18:59:03,1.351437,0.875051,-0.300287,-0.035244,-0.215198,0.745892,-0.281888,-0.475272,-0.250304,0.270312
2003-11-20 19:04:03,-1.153408,-0.312112,0.056723,-0.797335,-0.210592,0.161200,0.060171,-0.269937,-0.202951,-0.145406
2003-11-20 19:09:03,-1.140547,0.229800,0.689461,-0.544349,0.308523,-0.349631,-0.109908,-0.515020,-0.260673,-0.504220
2003-11-20 19:14:03,-0.934665,0.089505,-0.930124,0.281234,-0.684424,-0.034853,-0.187199,0.206348,0.111280,-0.011551
2003-11-20 19:19:03,-0.090168,-0.575939,-0.646609,0.734841,0.366904,0.361522,0.399140,0.248718,0.264856,0.108450
2003-11-20 19:24:03,-0.738934,-0.189971,-0.867745,0.284851,-0.267871,0.238148,0.644016,0.213796,-0.377087,-0.157474
2003-11-20 19:29:03,-1.232472,0.953093,-0.055562,0.730220,-0.036764,-0.262642,-0.590093,-0.006783,0.291621,0.086111
2003-11-20 19:34:03,-0.644212,-0.539328,-0.746710,-0.518105,-0.379834,-0.084262,-0.496303,-0.372239,-0.022553,-0.257874
2003-11-20 19:39:03,-1.516284,0.258657,-0.020343,-0.462468,-0.405644,0.206511,0.567042,0.310090,-0.045076,0.215588
2003-11-20 19:44:03,-1.479190,0.728922,0.467792,-0.014556,0.554424,-0.316202,0.019745,-0.551678,-0.119932,-0.473650
2003-11-20 19:49:03,-0.109189,-0.195017,-1.088768,0.215971,0.301205,-0.114073,0.814185,0.573609,-0.016045,0.309286
2003-11-20 19:54:03,-0.924855,-0.118699,-1.048959,0.003567,-0.711657,0.004518,0.090451,0.136105,-0.028314,0.198387
2003-11-20 19:59:03,-1.085196,-0.320664,0.543075,-0.826975,0.206715,0.098858,-0.193667,-0.236120,0.343099,-0.043596
2003-11-20 20:04:03,1.400798,1.750064,-0.713636,-0.922000,0.741363,0.681753,-0.733091,1.003776,-0.567347,-0.327700
2003-11-20 20:09:03,-1.295402,0.461019,0.607935,-0.304110,0.637358,-0.287161,-0.196516,-0.706298,-0.104341,-0.521822
2003-11-20 20:14:03,1.266580,-0.181749,0.258874,0.124012,-0.154840,-0.703087,0.175000,0.117356,-0.438576,0.142737
2003-11-20 20:19:03,1.114796,1.568080,0.034112,-0.749291,0.411501,0.914208,-0.043746,0.233028,-0.510671,0.255038
2003-11-20 20:24:03,-1.222346,-0.208301,0.235755,-0.938109,-0.156856,0.142639,0.070903,-0.172352,-0.069437,-0.076803
2003-11-20 20:29:03,1.329423,0.744048,0.108152,0.059115,-0.549026,0.350400,0.063121,-0.666392,0.312872,0.101260
2003-11-20 20:34:03,1.312817,0.891688,-0.289785,0.027909,-0.183495,0.642890,-0.084430,-0.719894,-0.290191,0.267845
2003-11-20 20:39:03,1.107277,0.590059,0.670904,0.125943,-0.406615,0.916298,0.383871,-0.323035,-0.025275,-0.297815
2003-11-20 23:40:19,0.801173,-0.234909,0.991504,0.270508,-0.309740,-0.034394,0.547977,-0.127907,-0.826402,-0.046220
2003-11-20 23:44:03,0.217793,-1.057286,-0.412894,0.099527,0.589549,0.286657,-0.152217,-0.289383,0.142842,-0.170511
2003-11-20 23:54:03,0.737257,-0.706567,0.365200,0.359205,-0.453649,-0.118928,-0.293141,0.089414,-0.208847,-0.235597
2003-11-21 00:04:03,1.415037,1.496581,-0.525826,-0.609241,0.309943,0.575692,-0.467601,0.121047,-0.488117,0.411248
2003-11-21 00:14:03,-0.886465,-0.305721,-0.891688,-0.190025,-0.503717,-0.136736,-0.251798,-0.269504,-0.001688,-0.354478
2003-11-21 00:24:03,1.397484,1.543988,-0.671621,-0.463138,0.470331,0.623806,-0.560187,0.248700,-0.626077,0.207814
2003-11-21 00:34:03,1.694135,0.621660,0.073200,-0.023234,-0.293476,-0.574389,0.373871,-0.329996,0.529779,0.131250
2003-11-21 00:44:03,1.641222,0.990521,-0.232431,-0.443383,-0.038995,-0.060072,0.135806,0.389285,0.325381,-0.517453
2003-11-21 00:54:03,1.317274,0.298885,0.096066,0.426068,-0.568825,0.537774,0.013588,-0.463225,-0.072050,-0.039908
2003-11-21 01:04:03,-1.363106,1.037440,0.308385,0.237931,0.574336,-0.262995,0.377305,-0.084895,-0.206066,0.039479
2003-11-21 01:14:03,1.408453,0.839893,-0.036760,-0.077589,-0.472733,0.439205,-0.212848,-0.496871,-0.030433,0.223994
2003-11-21 01:24:03,-0.789602,-0.460992,-0.666414,-0.361328,-0.328072,-0.158753,-0.459733,-0.499186,-0.053118,-0.192319
2003-11-21 01:34:03,-0.039565,-0.643352,-0.633245,0.609051,0.324708,0.382646,0.377715,0.216774,0.289776,0.091806
2003-11-21 01:44:03,-1.063539,0.023499,0.471358,-0.624330,0.413236,-0.050541,0.065063,-0.141219,0.140054,-0.005634
2003-11-21 01:54:03,-1.599255,1.063972,0.373742,0.416543,0.394120,-0.247519,0.153685,-0.113202,0.007766,-0.044406
2003-11-21 02:04:03,-1.079983,0.058536,0.676826,-0.432594,-0.310392,-0.154559,-0.282289,0.197341,-0.190985,-0.119051
2003-11-21 02:14:03,0.736128,-0.962511,0.253852,0.462648,-0.090609,-0.012929,-0.366221,0.349984,-0.018332,-0.106368
2003-11-21 02:24:03,1.152587,0.643489,-0.157890,0.353828,-0.312196,1.046663,-0.077462,-0.465593,-0.233530,-0.112182
2003-11-21 02:34:03,-1.197773,-0.223273,0.247807,-0.956711,-0.190773,0.153178,0.021068,-0.213607,0.016735,-0.350917
2003-11-21 02:44:03,-0.225672,-0.436443,1.111700,-0.466548,0.113056,0.234589,-0.102386,0.311559,0.683676,0.293133
2003-11-21 02:54:03,-0.450459,-0.663517,-0.245763,-0.210786,-0.524347,-0.232375,-0.691904,0.085796,-0.158882,0.367694
2003-11-21 03:04:03,1.564591,1.102231,-0.306602,-0.336382,-0.111539,0.315162,-0.203403,-0.140496,-0.052142,0.345363
2003-11-21 03:14:03,0.228094,-1.064946,-0.364670,0.203331,0.666192,0.291378,-0.115845,-0.277821,0.149227,0.022811
2003-11-21 03:24:03,0.349334,-0.980830,0.108839,0.276901,0.351202,0.179920,-0.263316,0.162143,-0.154576,0.185229
2003-11-21 03:34:03,1.730896,1.273728,-0.199260,-0.847339,0.115059,-0.173389,-0.433104,0.656763,0.177157,-0.935287
2003-11-21 03:44:03,1.399524,0.249127,0.284530,-0.390974,0.081869,-0.877362,0.317467,-0.075471,-0.449451,0.279176
2003-11-21 03:54:03,0.645897,-0.699111,0.045692,0.409492,0.049907,0.036145,0.070503,-0.309951,-0.116852,-0.484139
2003-11-21 04:04:03,0.658377,-0.962590,0.199454,0.473674,0.044440,-0.047185,-0.431076,0.314636,-0.158189,-0.073707
2003-11-21 04:14:03,-1.491520,0.229271,-0.026911,-0.456081,-0.456309,0.190191,0.564020,0.333578,0.066277,-0.004313
2003-11-21 04:24:03,-1.534799,1.209268,0.458573,0.651841,0.360867,-0.275823,-0.113839,-0.050682,0.194444,-0.360492
2003-11-21 04:34:03,1.505917,0.621114,-0.116568,-0.445988,0.119079,-0.636246,-0.240006,-0.039790,-0.595361,0.312997
2003-11-21 04:44:03,0.712069,-0.919737,0.304332,0.510766,-0.042734,0.069423,-0.325659,0.324057,-0.020083,0.190920
2003-11-21 04:54:03,0.667577,-0.946093,0.249156,0.534691,0.075811,-0.061269,-0.395309,0.312971,-0.202658,-0.090302
2003-11-21 05:04:03,1.283231,0.412765,-0.189955,0.128612,0.088918,-0.178813,0.217665,0.016068,0.650580,-0.100685
2003-11-21 05:14:03,0.640734,-0.941533,0.241076,0.468942,0.102642,-0.028905,-0.329454,0.334542,-0.193904,-0.089246
2003-11-21 05:24:03,-1.504089,1.289552,0.545346,0.715387,0.517213,-0.224966,-0.105982,-0.046824,0.024802,0.044268
2003-11-21 05:34:03,0.910193,-0.413291,0.172476,0.460171,-0.204993,-0.008240,-0.119289,-0.161379,0.161945,0.023432
2003-11-21 05:44:03,1.594329,1.005163,-0.315180,-0.356282,0.038214,-0.320926,0.032154,0.221259,0.492403,-0.519548
2003-11-21 05:54:03,-1.367109,-0.035987,0.100638,-0.778485,-0.302598,0.115307,0.298614,-0.039247,-0.016685,-0.370731
2003-11-21 06:04:03,-0.447869,-0.733872,0.440924,-0.393008,0.783241,0.439370,0.493748,-0.131075,0.054773,-0.348136
2003-11-21 06:14:03,-1.489087,0.267672,-0.051337,-0.430426,-0.439320,0.213773,0.537129,0.345743,0.010554,0.109221
2003-11-21 06:24:03,0.196525,-0.212261,-0.879696,-0.426069,0.691701,-0.533448,0.609292,-0.105213,-0.081966,0.377113
2003-11-21 06:34:03,-0.028227,-0.847670,0.787826,-0.027407,0.490046,0.369884,0.121723,0.225577,-0.250735,0.195676
2003-11-21 06:44:03,-0.211583,-0.221667,0.683516,-0.204045,-0.343706,-0.559467,-0.869618,0.162769,0.101241,0.215843
2003-11-21 06:54:03,-0.886306,-0.204754,-0.783071,-0.100081,-0.418256,-0.142125,-0.270047,-0.203950,0.038881,-0.034507
2003-11-21 07:04:03,-0.279690,-0.720890,-0.008534,-0.101941,0.555020,0.489446,0.559594,-0.196852,-0.399113,-0.308364
2003-11-21 07:14:03,1.524293,0.725429,-0.216981,-0.093226,0.022518,-0.115603,0.250233,-0.202648,0.124255,0.285208
2003-11-21 07:24:03,-1.102655,-0.115342,0.627722,-0.703043,-0.407268,-0.145422,-0.153057,0.182846,-0.385443,0.043265
2003-11-21 07:34:03,-1.459937,1.304120,0.649937,0.705015,0.530596,-0.199968,-0.236082,-0.121524,0.103957,-0.137018
2003-11-21 07:44:03,-0.232751,-0.814458,0.007469,-0.225824,0.375690,0.288758,-0.311289,-0.286146,0.466088,0.123046
2003-11-21 07:54:03,-1.468438,0.173677,-0.076778,-0.474397,-0.508238,0.198143,0.545152,0.295361,0.109530,-0.086890
2003-11-21 08:04:03,-1.469787,0.661825,0.451026,-0.073139,0.501234,-0.313749,0.064091,-0.516781,-0.168753,-0.406966
2003-11-21 08:14:03,-0.798761,-0.372184,-0.923643,-0.275053,-0.571167,-0.065744,-0.195263,-0.214036,-0.020917,-0.265944
2003-11-21 10:29:21,-1.456065,0.360072,0.024749,-0.413307,-0.155328,0.016343,0.554003,0.134087,-0.036549,-0.244308
2003-11-21 10:38:36,-0.799269,-0.480617,-0.738430,-0.326650,-0.375572,-0.143580,-0.430381,-0.420856,0.019726,-0.271315
2003-11-21 10:48:36,-0.631641,-0.106886,-0.816465,0.607168,0.091862,-0.155298,-0.074635,-0.212855,-0.321661,-0.248970
2003-11-21 10:58:36,-1.602838,0.868648,0.313279,0.188276,0.318952,-0.224067,0.357337,-0.135686,-0.103868,-0.012778
2003-11-21 11:08:36,0.360645,-0.308219,0.557585,0.359861,0.185096,0.962333,0.339712,0.326523,0.254102,0.203282
2003-11-21 11:18:36,-1.236796,0.003294,-0.359591,-0.370477,-0.252072,-0.266366,-0.206602,-0.280857,0.150029,-0.388749
2003-11-21 11:28:36,-1.341873,0.006678,-0.014475,-0.767959,-0.245889,0.006025,0.386492,0.047780,-0.005367,-0.351993
2003-11-21 11:38:36,0.774759,-0.647973,-0.265559,-0.146449,0.803860,-0.503100,-0.105584,0.945011,0.305426,-0.484379
2003-11-21 11:48:36,1.387183,0.501128,-0.063234,-0.318272,0.278274,-0.701838,0.329481,0.389073,0.444207,0.004373
2003-11-21 11:58:36,-0.140486,-0.372129,0.887187,0.008905,-0.369395,0.187623,-0.238824,0.399441,0.363890,0.383413
2003-11-21 12:08:36,1.602223,1.147257,-0.485389,-0.298958,0.020785,0.241851,-0.103652,0.024154,0.283073,-0.620989
2003-11-21 12:18:36,1.074165,0.419684,0.868593,0.063023,-0.479406,0.135399,0.661136,-0.403045,0.085444,0.328053
2003-11-21 12:28:36,0.159396,-0.859354,-0.296115,0.257819,0.036410,0.042762,-0.055530,0.072561,-0.481029,-0.157438
2003-11-21 12:38:36,-1.603602,1.021870,0.401493,0.407637,0.388282,-0.254580,0.163663,-0.124927,-0.034058,0.023399
2003-11-21 12:48:36,0.641733,-0.819748,-0.116149,-0.009670,0.600568,-0.281384,-0.079818,0.453974,0.002424,0.242537
2003-11-21 12:58:36,1.629860,0.984530,-0.098271,-0.361160,0.058433,-0.410512,0.333384,0.279611,0.474628,-0.420300
2003-11-21 13:08:36,-0.726473,-0.497892,-0.584304,-0.472502,-0.337018,-0.051813,-0.450052,-0.448407,-0.174368,0.044898
2003-11-21 13:18:36,-0.753289,-0.451906,0.848837,-0.803757,-0.170977,0.037047,-0.385377,0.205790,0.059424,0.216568
2003-11-21 14:58:36,0.925208,0.299909,-0.259045,0.559836,-0.028557,1.167839,-0.289707,-0.015154,-0.019727,-0.236424
2003-11-21 15:08:36,-0.604530,-0.246016,-1.133899,0.378483,-0.357430,0.074116,0.367336,0.122530,-0.185241,-0.432065
2003-11-21 15:18:36,0.461484,-1.022400,-0.064701,0.258046,0.295547,0.071167,-0.439993,0.106049,0.069743,-0.281043
2003-11-21 15:28:36,0.579399,-0.939641,-0.403696,-0.195588,0.796263,-0.344659,-0.053731,0.179736,0.194155,-0.066270
2003-11-21 16:40:54,0.927056,-0.715575,0.284623,0.597344,-0.202102,-0.185671,-0.194682,0.132328,-0.227878,-0.612940
2003-11-21 16:46:56,-1.494184,0.201041,-0.067666,-0.430782,-0.483408,0.202323,0.578365,0.357492,0.035829,0.108732
2003-11-21 16:56:56,-0.471683,-0.525962,0.875496,-0.591067,0.086209,0.099545,-0.273209,0.331402,0.267768,-0.067152
2003-11-21 17:06:56,-1.399469,0.753709,0.430420,-0.080806,0.622590,-0.432109,0.068244,-0.465850,-0.172840,-0.422829
2003-11-21 17:16:56,0.113527,-0.619159,1.207318,0.012536,0.348388,0.214700,0.153963,0.549041,-0.238420,0.085579
2003-11-21 17:26:56,-0.983872,0.693822,-0.613872,1.007457,-0.174024,-0.322346,-0.605992,-0.048619,0.209267,-0.027890
2003-11-21 17:36:56,1.468998,1.752045,-0.801607,-0.764139,0.643195,0.699396,-0.904414,0.789401,-0.749438,-0.000469
2003-11-21 17:46:56,1.085004,0.037998,0.251200,0.384061,-0.138884,0.237589,0.343500,0.283449,0.483634,-0.259243
2003-11-21 17:56:56,0.585693,-0.912685,0.274315,0.447612,0.012528,-0.011234,-0.380869,0.385805,-0.202700,0.005286
2003-11-21 18:06:56,-0.900872,-0.112914,-1.032336,-0.023383,-0.719317,0.016516,0.060413,0.152923,0.025967,0.051374
2003-11-21 18:16:56,0.838615,-0.579742,0.429655,0.575222,-0.202655,-0.102200,-0.096236,0.159329,-0.443488,-0.232233
2003-11-21 18:26:56,0.348076,-0.485851,-0.740153,-0.378159,0.721362,-0.415690,0.352517,-0.062233,0.272578,0.477467
2003-11-21 18:36:56,-1.078720,0.068867,-0.814028,0.292806,-0.324179,-0.201817,-0.110340,-0.086545,-0.044019,0.292882
2003-11-21 18:46:56,1.057872,-0.120880,0.436600,0.522471,-0.568861,-0.038974,0.161714,-0.336154,-0.130451,-0.000272
2003-11-21 18:56:56,0.150865,-0.992236,-0.290802,0.159442,0.655942,0.331297,-0.032100,-0.285989,0.069940,0.010840
2003-11-21 19:06:56,1.494931,1.630908,-0.671200,-0.692510,0.418626,0.539465,-0.588358,0.552029,-0.235863,-0.196941
2003-11-21 19:16:56,-1.409635,0.693976,0.577416,-0.013618,0.518225,-0.609607,0.061117,-0.283421,-0.420596,-0.207701
2003-11-21 19:26:56,0.414583,-0.999473,0.005333,0.309263,0.297208,0.126866,-0.346186,0.121669,-0.089579,0.017180
2003-11-21 19:36:56,0.217220,-1.115611,-0.109923,0.043541,0.351783,0.133340,-0.323039,-0.115153,-0.074737,0.111958
2003-11-21 19:46:56,-0.458856,-0.539933,-0.765059,0.040989,0.050422,0.010402,0.035924,-0.296390,-0.506756,-0.073733
2003-11-21 19:56:56,-1.477789,0.143375,0.179244,-0.556534,-0.118937,-0.022590,0.142239,-0.141414,0.009345,-0.377842
2003-11-21 20:06:56,0.012548,-0.972234,-0.085378,-0.152127,0.196849,-0.017487,-0.634255,-0.228854,0.287019,0.160351
2003-11-21 20:16:56,-0.509978,-0.515225,-0.415628,-0.330536,-0.741566,-0.255935,-0.579657,0.073484,-0.264980,-0.137155
2003-11-21 20:26:56,1.426126,0.359105,0.194846,-0.018585,-0.175684,-0.721846,0.384714,-0.162842,0.281072,0.304298
2003-11-21 20:36:56,1.291663,0.113575,0.121683,-0.222534,-0.037020,-0.923530,0.348343,-0.196832,-0.367377,0.482101
2003-11-21 20:46:56,-1.215381,0.039637,-0.317580,-0.262457,-0.562438,0.319855,0.576941,0.292221,-0.266946,0.464118
2003-11-21 20:56:56,0.480254,-0.962460,0.382918,0.318085,0.242733,0.028788,-0.243287,0.172647,-0.220977,0.027607
2003-11-21 21:06:56,-1.310422,1.192049,0.615244,0.538052,0.240575,0.047205,-0.438473,0.039329,0.118563,0.089009
2003-11-21 21:16:56,-1.327229,1.333788,0.670529,0.671435,0.570614,-0.111898,-0.309820,-0.135195,0.055159,-0.109622
2003-11-21 21:26:56,1.491562,0.148384,0.127044,-0.129954,-0.077511,-0.997270,0.281761,-0.226904,-0.306675,0.166745
2003-11-21 21:36:56,-0.979512,0.491224,-0.706611,0.805975,-0.376078,-0.169570,-0.496346,0.203920,0.167020,0.255846
2003-11-21 21:46:56,0.371945,-0.756856,-0.546723,-0.051076,0.916251,-0.159013,0.182849,0.072934,0.234465,0.170564
2003-11-21 21:56:56,-1.135819,0.641846,-0.634349,0.910823,-0.094150,-0.378517,-0.417384,-0.098397,0.155383,0.103926
2003-11-21 22:06:56,1.483189,0.242913,0.132225,-0.049405,-0.170886,-0.666753,0.359760,-0.025657,0.234030,0.504327
2003-11-21 22:16:56,1.595989,0.821974,-0.071990,-0.194546,-0.122942,-0.089515,0.189733,-0.388254,0.391408,0.263532
2003-11-21 22:26:56,-1.077470,-0.294422,-0.144022,-0.584662,-0.331982,0.187496,0.182736,-0.160666,-0.253637,-0.086979
2003-11-21 22:36:56,1.153309,0.818854,0.690711,-0.077416,-0.420392,0.654984,0.494417,-0.491618,0.091950,0.231688
2003-11-21 22:46:56,-0.861201,-0.443353,-0.432199,-0.615873,-0.363213,-0.058615,-0.417108,-0.428898,-0.014117,-0.143413
2003-11-21 22:56:56,-1.332570,0.962130,0.428898,0.258349,0.832307,-0.491969,-0.193851,-0.439619,-0.214163,-0.246700
2003-11-21 23:06:56,0.376838,-1.039095,-0.097331,0.266462,0.363363,0.100394,-0.261499,0.080462,-0.117078,0.056643
2003-11-21 23:16:56,-1.441528,0.658288,0.470481,-0.113059,0.499191,-0.320100,0.056828,-0.535895,-0.177033,-0.414406
2003-11-21 23:26:56,1.026850,-0.392053,0.093672,-0.112513,0.414088,-0.693422,-0.158661,0.396790,0.033426,0.598698
2003-11-21 23:36:56,1.481132,1.734851,-0.860123,-0.785902,0.590450,0.737987,-0.940314,0.851512,-0.685445,-0.152236
2003-11-21 23:46:56,-0.445384,-0.620745,-0.027347,-0.279464,-0.469310,-0.187018,-0.683278,0.098928,-0.154021,0.334453
2003-11-21 23:56:56,-0.339732,-0.361851,0.578222,-0.288190,-0.415146,-0.510483,-0.931495,0.128927,0.064974,0.142662
2003-11-22 00:06:56,-0.117499,-0.878432,0.270929,-0.111470,0.737013,0.491484,0.259738,-0.143342,0.015137,-0.063423
2003-11-22 00:16:56,0.836540,-0.520175,0.295353,0.578403,-0.217981,0.159118,0.030678,-0.021164,0.123083,-0.140170
2003-11-22 00:26:56,0.944372,-0.075689,0.497895,0.386077,-0.547660,-0.121279,0.226796,-0.319047,-0.049300,-0.253407
2003-11-22 00:36:56,0.832672,-0.871409,0.374712,0.464462,-0.073950,-0.037772,-0.205525,0.115401,-0.311690,-0.095946
2003-11-22 00:46:56,-1.501994,0.701598,0.215163,-0.145014,0.227068,-0.203740,0.510802,-0.058653,-0.190347,-0.059895
2003-11-22 00:56:56,-0.854774,-0.371525,0.698130,-0.641523,-0.217098,-0.072795,-0.283274,0.254194,0.162611,-0.014658
2003-11-22 01:06:56,-0.180425,-0.498951,1.297992,-0.364403,-0.008727,0.047780,-0.307495,0.437332,0.172734,0.130945
2003-11-22 01:16:56,-1.015159,-0.174627,0.568634,-0.764466,-0.467249,-0.056198,-0.159625,0.278659,-0.348499,0.014557
2003-11-22 01:26:56,0.349862,-0.958733,0.048458,0.298320,0.329043,0.110675,-0.345049,0.132461,-0.077981,0.012730
2003-11-22 01:36:56,1.050214,-0.089811,-0.322612,-0.454114,0.490944,-0.890770,-0.001049,0.071201,0.045394,0.350329
2003-11-22 01:46:56,1.346967,1.812003,-0.683814,-0.863980,0.702683,0.732603,-0.945600,1.052708,-0.543053,-0.677554
2003-11-22 01:56:56,1.300695,-0.021930,0.094409,-0.323674,0.261946,-0.956978,0.112247,0.634027,0.153585,-0.546321
2003-11-22 02:06:56,1.194742,-0.150319,0.175127,0.299737,-0.200572,-0.487441,0.048147,0.020210,0.094072,0.173392
2003-11-22 02:16:56,1.591628,0.426558,0.027703,-0.263737,-0.133078,-0.904585,0.256004,0.168356,0.695671,-0.710133
2003-11-22 02:26:56,-1.139097,-0.019779,0.411281,-0.613675,-0.639814,-0.068339,0.120013,0.400379,-0.370338,-0.044153
2003-11-22 02:36:56,-1.370359,0.502660,0.322375,-0.417257,0.420584,-0.327152,0.225558,-0.402792,-0.283606,-0.366646
2003-11-22 02:46:56,1.118282,-0.322634,0.354480,0.453283,-0.446138,-0.302251,-0.001359,-0.281634,-0.532827,-0.280392
2003-11-22 02:56:56,1.486016,1.718471,-0.532280,-0.868926,0.472290,0.545601,-0.627713,0.755044,-0.241171,-0.414546
2003-11-22 03:06:56,1.336488,0.486213,0.057118,-0.105729,0.027175,-0.535693,0.420062,-0.198649,0.004989,0.500256
2003-11-22 03:16:56,1.517378,0.035082,0.130160,0.089125,-0.044243,-0.571744,0.381352,0.412067,0.205177,-0.259393
2003-11-22 03:26:56,-0.434412,-0.358461,-0.398235,-0.233210,-0.824640,-0.060974,-0.525223,-0.011213,0.142993,0.019503
2003-11-22 03:36:56,-1.563769,0.863991,0.297860,0.144919,0.324196,-0.242765,0.361702,-0.150521,-0.115643,-0.048319
2003-11-22 03:46:56,-0.276258,-0.662586,0.610089,-0.455518,0.469129,0.346050,0.418764,-0.171373,0.083826,-0.383395
2003-11-22 03:56:56,1.190091,0.529017,0.156635,0.173560,-0.404058,0.245607,0.351402,-0.640959,0.085943,0.366653
2003-11-22 04:06:56,1.279757,0.387291,-0.257487,-0.007031,0.311753,0.065378,0.019824,0.187445,0.424609,0.174170
2003-11-22 04:16:56,0.235338,-1.056151,-0.279065,0.086478,0.632461,0.315283,-0.131280,-0.318917,-0.004070,0.212972
2003-11-22 04:26:56,1.344530,-0.112775,0.169304,0.121603,-0.121115,-0.746463,0.161879,-0.009939,-0.309287,-0.322688
2003-11-22 04:36:56,-1.427438,1.127861,0.496568,0.442382,0.537696,-0.148468,0.050109,-0.176219,-0.069126,0.101510
2003-11-22 04:46:56,0.304444,-0.864678,0.325687,0.216628,-0.116448,0.063855,-0.037877,0.448672,-0.544729,0.093700
2003-11-22 04:56:56,1.557542,1.577993,-0.718867,-0.719849,0.495958,0.454398,-0.369756,0.460919,-0.149045,-0.174837
2003-11-22 05:06:56,1.090969,-0.076496,0.155639,0.563946,-0.397660,0.036568,0.195624,-0.360113,-0.159797,-0.099643
2003-11-22 05:16:56,1.431449,1.329915,-0.426265,-0.698873,0.373112,0.291393,-0.204909,0.567521,-0.095298,-0.095309
2003-11-22 05:26:56,1.435554,1.368772,-0.366838,-0.488974,0.232376,0.572597,-0.214897,0.096657,-0.268568,0.538935
2003-11-22 05:36:56,-1.377373,1.341176,0.743706,0.652306,0.499185,-0.102709,-0.425495,-0.136819,0.064849,-0.122016
2003-11-22 05:46:56,-1.100352,0.588504,-0.088981,0.139107,0.453771,-0.518441,-0.371809,-0.695216,-0.101836,-0.226019
2003-11-22 05:56:56,-1.484057,1.334619,0.602300,0.663937,0.567681,-0.337772,-0.193456,-0.035976,0.023151,-0.046435
2003-11-22 06:06:56,0.318589,-0.519328,0.702261,0.352015,0.205851,0.566557,0.144682,0.452697,-0.040410,0.269363
2003-11-22 06:16:56,-1.267769,1.404388,0.749589,0.679609,0.622866,-0.074969,-0.456543,-0.143064,0.008517,-0.018868
2003-11-22 06:26:56,0.456624,-0.686977,0.303145,0.428668,-0.193777,0.220803,-0.160414,0.352990,0.180547,0.187810
2003-11-22 06:36:56,-1.155726,0.344212,-0.340018,0.026391,-0.001742,-0.385702,-0.282393,-0.404931,0.145578,-0.346269
2003-11-22 06:46:56,0.872366,-0.081363,0.074023,0.633012,-0.264994,0.569778,0.022838,-0.043797,0.221772,-0.303192
2003-11-22 06:56:56,-0.778541,-0.414879,0.769298,-0.814918,-0.288030,0.013464,-0.332146,0.300911,-0.042786,0.190608
2003-11-22 07:06:56,-0.493741,-0.836385,0.398782,-0.482259,0.293121,0.498079,0.048096,-0.141127,0.322906,-0.178885
2003-11-22 07:16:56,-0.233452,-0.777444,0.440646,-0.128821,0.828185,0.550358,0.366720,-0.165884,-0.063219,0.050097
2003-11-22 07:26:56,-0.448398,-0.124713,1.058965,-0.517286,-0.591749,0.173412,-0.275745,0.451293,0.398784,0.419047
2003-11-22 07:36:56,-0.832164,-0.318544,-0.554451,-0.000376,-0.086321,0.218238,0.660790,0.014926,-0.565294,-0.085595
2003-11-22 07:46:56,-0.966232,-0.096891,-0.982662,0.035840,-0.684685,0.008818,0.083196,0.118770,0.031887,0.062331
2003-11-22 07:56:56,0.958348,0.129729,0.245765,0.402538,-0.444308,0.435968,0.153249,-0.354589,0.265335,0.013793
2003-11-22 08:06:56,1.294029,0.226386,0.254926,0.331032,-0.447680,-0.388144,0.144921,-0.592051,0.083937,0.137327
2003-11-22 08:16:56,-0.966668,0.171113,-0.911074,0.300825,-0.427915,-0.196941,-0.094111,-0.102100,0.101847,-0.236818
2003-11-22 08:26:56,1.234514,0.549089,-0.077827,0.332327,-0.451529,0.887897,-0.068736,-0.546774,0.018852,-0.294473
2003-11-22 08:36:56,0.854634,-0.270808,0.279598,0.559430,-0.564625,0.450005,-0.220774,0.064755,0.767006,-0.248083
2003-11-22 08:46:56,1.270347,1.464392,-0.516152,-0.503430,0.387571,0.701039,-0.636466,0.301032,-0.683818,0.375538
2003-11-22 08:56:56,-1.310908,1.440907,0.717956,0.650177,0.663797,-0.205494,-0.435585,-0.075386,-0.039133,0.027429
2003-11-22 09:06:56,1.245299,0.216863,0.298036,-0.007548,-0.199143,-0.655926,0.309668,0.369732,0.270440,-0.588518
2003-11-22 09:16:56,0.580942,-1.078067,0.155481,0.283883,0.299364,0.027582,-0.336237,0.190322,-0.330628,0.349903
2003-11-22 09:26:56,0.157985,-0.875516,0.532332,0.090659,0.503139,0.391582,0.191488,0.337647,-0.329876,0.260251
2003-11-22 09:36:56,0.058493,-0.211691,1.388734,-0.256368,-0.346103,-0.031488,-0.021324,0.303768,-0.094671,-0.046306
2003-11-22 09:46:56,-1.149382,-0.147068,-0.624501,-0.495758,-0.470473,-0.116608,0.051888,-0.064428,0.040647,0.014314
2003-11-22 09:56:56,-0.565832,-0.247622,-0.192812,-0.062670,-0.423315,-0.395195,-0.706047,-0.207358,-0.452222,0.079473
2003-11-22 10:06:56,-1.607986,0.902904,0.263255,0.426604,0.095154,-0.103783,0.135249,0.116263,0.105675,0.181726
2003-11-22 10:16:56,1.571852,0.707540,0.025252,-0.052137,-0.361104,-0.441114,0.476063,-0.295441,0.418904,0.475782
2003-11-22 10:26:56,-0.641085,-0.558539,-0.047628,-0.689147,-0.002397,-0.047866,-0.615805,-0.332975,0.443713,0.124011
2003-11-22 10:36:56,0.848427,-0.205387,0.166739,0.611150,-0.264817,0.567293,0.070425,0.014601,0.212280,-0.251616
2003-11-22 10:46:56,0.301617,-0.088589,-0.684654,0.272324,0.448180,-0.136923,0.695719,0.048780,0.173105,0.389656
2003-11-22 10:56:56,-1.518742,0.751394,0.283103,0.252072,-0.195882,0.105387,0.117529,0.398582,0.057673,0.480908
2003-11-22 11:06:56,-1.144141,0.917551,0.208439,0.755807,0.021904,0.072989,-0.355551,0.063745,-0.044583,0.190108
2003-11-22 11:16:56,1.398083,0.197261,0.108558,-0.208114,-0.062213,-1.002883,0.320604,-0.175277,-0.235090,0.327054
2003-11-22 11:26:56,-0.412726,-0.284617,-0.828387,0.730145,0.142102,0.262486,0.608742,0.268955,-0.074971,-0.150182
2003-11-22 11:36:56,1.559711,1.737149,-0.863990,-0.849897,0.696244,0.456680,-0.584393,0.951895,-0.412049,-0.207400
2003-11-22 11:46:56,1.453878,1.420961,-0.429247,-0.549999,0.310764,0.254651,-0.211841,0.508038,0.002900,-0.350887
2003-11-22 11:56:56,1.577214,0.857793,-0.095178,-0.230690,0.073380,-0.345818,0.505977,0.130507,0.492501,-0.059928
2003-11-22 12:06:56,-0.068710,-0.883549,0.374825,-0.087027,0.847262,0.576963,0.349565,-0.136843,-0.173507,0.323325
2003-11-22 12:16:56,1.690841,1.299842,-0.390443,-0.489875,0.219734,0.107150,0.080663,0.251055,0.078467,-0.028421
2003-11-22 12:26:56,0.078757,-0.522756,-0.700864,-0.139771,0.634162,-0.241597,0.263991,0.008293,-0.134162,0.039031
2003-11-22 12:36:56,-0.495641,-0.467590,-0.684546,-0.054955,-0.120180,0.096155,-0.045215,-0.181484,0.052144,-0.049265
2003-11-22 12:46:56,-0.675023,-0.304703,0.333148,0.036394,0.393958,0.584515,0.695919,0.450727,0.365656,0.390718
2003-11-22 12:56:56,0.855062,-0.465967,0.290373,0.530320,-0.266966,0.190583,-0.010819,-0.059313,-0.124332,-0.326365
2003-11-22 13:06:56,-1.448435,1.305693,0.650837,0.634325,0.463267,-0.190235,-0.319237,-0.084535,0.021824,-0.025445
2003-11-22 13:16:56,0.211449,-0.598192,0.514864,0.234045,-0.221816,-0.185003,-0.731241,0.189394,0.154196,0.505809
2003-11-22 13:26:56,-0.939650,-0.195413,-0.786728,-0.095051,-0.409456,-0.211828,-0.252450,-0.326929,-0.216418,0.069460
2003-11-22 13:36:56,1.185499,-0.114137,0.304388,0.544212,-0.570225,-0.050954,0.165510,-0.361573,-0.021179,-0.344881
2003-11-22 13:46:56,1.288112,-0.019303,0.120545,-0.072569,0.045853,-0.823159,0.300937,0.493824,-0.271251,-0.472586
2003-11-22 13:56:56,-0.685970,-0.539892,-0.055043,-0.638347,-0.452706,-0.268296,-0.547982,0.023959,0.095071,0.001839
2003-11-22 14:06:56,-0.147793,-0.669160,0.913901,-0.169249,0.546159,0.332962,0.271740,0.364981,-0.203826,0.196166
2003-11-22 14:16:56,0.778951,-0.431080,0.235487,0.573237,-0.620375,0.026431,-0.184698,0.145463,0.327839,-0.308490
2003-11-22 14:26:56,0.388757,-0.471296,-0.505602,-0.127252,0.476388,-0.497611,0.108959,0.784283,-0.102912,-0.747357
2003-11-22 14:36:56,0.303660,-0.193986,1.002729,0.072103,-0.660508,0.220811,0.031997,0.228498,0.267176,-0.005155
2003-11-22 14:46:56,0.415283,-0.521510,0.865745,0.298132,-0.263811,0.061850,0.251701,0.275329,-0.373600,-0.439869
2003-11-22 14:56:56,-1.597583,1.215496,0.502078,0.655805,0.395512,-0.251064,-0.038398,-0.001166,0.008073,0.100533
2003-11-22 15:06:56,-0.325260,-0.587691,0.682039,-0.449328,-0.386759,-0.048796,-0.436978,0.170067,-0.137100,0.118706
2003-11-22 15:16:56,1.343389,-0.066380,0.232436,0.139260,-0.135172,-0.709558,0.257749,0.048211,-0.500189,0.081473
2003-11-22 15:26:56,0.333914,-0.915564,0.284301,0.225965,-0.259543,-0.042907,-0.534906,0.366920,-0.115363,0.469876
2003-11-22 15:36:56,-0.897948,-0.083671,-0.463344,-0.113370,-0.287336,-0.047755,-0.162435,0.258546,0.610142,0.278585
2003-11-22 15:46:56,1.047449,0.737205,-0.227574,0.329718,-0.012464,1.149755,-0.252364,-0.226410,-0.573333,-0.017012
2003-11-22 15:56:56,1.439606,0.076689,0.155120,-0.298182,0.113494,-0.935500,0.357081,0.293033,-0.201721,-0.138895
2003-11-22 16:06:56,-0.056467,-0.799650,-0.121327,0.008285,-0.185246,-0.089361,-0.663586,0.107739,-0.247348,0.338133
2003-11-22 16:16:56,0.031958,-0.963057,-0.344639,0.098370,0.582118,0.226781,-0.044450,-0.272470,0.102889,-0.015817
2003-11-22 16:26:56,-1.264741,0.803622,-0.323378,0.387578,0.211372,-0.458570,-0.097438,-0.298552,-0.026261,0.019055
2003-11-22 16:36:56,0.943798,-0.358551,0.392801,0.607203,-0.313746,0.263845,0.011420,0.032006,-0.092489,-0.375433
2003-11-22 16:46:56,-1.379090,0.042298,0.138218,-0.723656,-0.232839,0.111127,0.247983,-0.094891,-0.072083,-0.297906
2003-11-22 16:56:56,0.043703,-0.951425,-0.222712,0.093749,0.663997,0.257316,-0.081821,-0.307860,0.207250,-0.108455
2003-11-22 17:06:56,1.146243,0.223267,-0.017166,0.176094,-0.304669,0.141462,0.119695,-0.374503,0.292135,0.546169
2003-11-22 17:16:56,-1.118308,-0.095877,-0.527226,-0.452735,-0.401413,-0.151849,-0.161417,-0.171591,0.036706,-0.101619
2003-11-22 17:26:56,-0.153531,-0.079338,-0.168086,-0.313709,-0.612906,-0.964424,-0.599691,0.446971,-0.220865,-0.056269
2003-11-22 17:36:56,1.372110,0.072524,-0.033873,0.300397,-0.114074,-0.083055,0.173585,0.506871,0.795020,-0.543139
2003-11-22 17:46:56,-0.354217,-0.195544,-0.819195,0.896669,0.111870,0.238756,0.438113,0.319202,-0.105069,0.081833
2003-11-22 17:56:56,1.352168,0.670412,-0.045981,-0.041545,-0.165678,-0.231698,0.482639,-0.262854,0.224130,0.628922
2003-11-22 18:06:56,-1.498105,1.022095,0.345976,0.513427,0.051461,-0.047222,-0.083496,0.180083,0.174626,0.054344
2003-11-22 18:16:56,-1.259728,0.863895,0.460470,0.290018,-0.123975,0.233915,-0.340403,0.301917,0.261425,0.029908
2003-11-22 18:26:56,0.567102,-0.689540,0.344335,0.388605,-0.045456,0.222962,-0.205676,0.286528,0.386194,-0.002274
2003-11-22 18:36:56,0.862220,0.353186,0.973472,0.142911,-0.434528,0.375848,0.552805,-0.345501,0.303303,-0.291452
2003-11-22 18:46:56,-1.508048,0.296297,-0.008557,-0.442817,-0.353443,0.162859,0.523492,0.241853,-0.076367,0.136285
2003-11-22 18:56:56,0.848268,-0.620142,0.399730,0.581687,-0.260613,-0.144042,-0.127782,0.140039,-0.416125,-0.116580
2003-11-22 19:06:56,-0.810286,-0.253877,0.880882,-0.642779,-0.050610,-0.017874,-0.274104,-0.052141,0.101031,0.230849
2003-11-22 19:16:56,-1.030417,-0.452688,0.389148,-0.966898,-0.005927,0.172867,-0.073629,-0.170861,0.249929,-0.058071
2003-11-22 19:26:56,-0.644597,0.006433,1.233984,-0.417018,-0.012744,-0.500746,-0.374670,0.309761,-0.390975,0.263623
2003-11-22 19:36:56,1.234282,0.050190,0.149013,0.563414,-0.419496,0.244542,0.090421,-0.421417,0.048950,-0.453032
2003-11-22 19:46:56,1.138646,0.259001,-0.176334,0.352235,0.046949,0.377992,0.075917,0.310488,0.309851,-0.343309
2003-11-22 19:56:56,-1.197565,-0.246835,0.280995,-1.005226,-0.162747,0.164265,0.039098,-0.251106,-0.083873,-0.169744
2003-11-22 20:06:56,-1.562573,0.517111,0.138220,-0.158428,-0.141633,0.028640,0.427569,0.185520,-0.002044,0.183564
2003-11-22 20:16:56,-0.391570,-0.332320,-0.741744,0.566654,0.150080,0.359752,0.761403,0.244282,-0.183123,-0.106008
2003-11-22 23:14:58,0.903530,-0.707161,0.363004,0.514377,-0.168300,-0.111850,-0.136893,0.070531,-0.461337,-0.208375
2003-11-22 23:16:56,0.831673,-0.672720,0.380183,0.531646,-0.208887,-0.100495,-0.028739,0.121725,-0.538569,-0.035380
2003-11-22 23:26:56,-1.221871,0.285375,-0.535854,-0.118233,-0.246221,-0.201895,0.151102,-0.000631,-0.030589,0.131503
2003-11-22 23:36:56,-0.081776,-0.015078,1.229353,-0.385516,-0.703121,0.236082,0.050157,0.212105,0.148123,-0.193745
2003-11-22 23:46:56,1.482230,1.032784,-0.303535,-0.203519,0.029266,0.241929,0.188518,-0.221771,0.055644,0.428729
2003-11-22 23:56:56,0.679827,-0.727929,0.040805,0.000036,0.323957,-0.275549,-0.190313,-0.126195,-0.159623,0.461730
2003-11-23 00:06:56,-0.021782,-0.400790,0.198106,-0.065812,-0.744220,-0.005577,-0.681991,0.186895,0.360304,0.555484
2003-11-23 00:16:56,1.297804,1.084809,-0.098385,-0.152759,-0.249977,0.769308,-0.402550,-0.295915,-0.315114,0.104330
2003-11-23 00:26:56,-1.034919,-0.024477,-0.220949,-0.382637,0.034627,-0.331987,-0.490671,-0.589935,0.006737,-0.132494
2003-11-23 00:36:56,-0.371315,-0.449325,-0.487226,0.277845,0.047046,0.267955,0.066382,0.196573,0.413743,0.763056
2003-11-23 00:46:56,1.607463,1.144658,-0.219258,-0.463197,-0.065046,0.100400,-0.173853,-0.006369,0.199330,0.262710
2003-11-23 00:56:56,-0.258211,-0.242589,-1.090019,-0.191587,0.114675,-0.395966,0.346244,0.123498,-0.150331,-0.434267
2003-11-23 01:06:56,0.056298,-0.503315,0.194955,-0.080718,-0.809935,-0.249022,-0.884115,0.286865,0.294500,0.221774
2003-11-23 01:16:56,-1.514380,0.844464,0.265365,0.316316,-0.014805,-0.090181,0.097804,0.120690,0.149862,-0.060261
2003-11-23 01:26:56,-0.052585,-0.522032,0.186193,-0.011468,-0.589350,-0.448105,-1.036147,0.198299,-0.103767,0.180419
2003-11-23 01:36:56,0.249048,-0.951387,-0.577765,0.324532,0.716543,0.099738,-0.079953,-0.156616,0.246128,-0.070608
2003-11-23 01:46:56,1.037194,0.294717,-0.127476,0.477508,-0.121754,1.167678,-0.183331,0.020758,-0.088289,0.041829
2003-11-23 01:56:56,-1.081458,0.267305,-0.501802,0.278845,-0.043005,-0.210404,-0.098530,-0.343010,-0.151748,-0.005904
2003-11-23 02:06:56,0.699411,-0.277734,-0.088306,0.504496,0.026230,0.853703,-0.279760,0.203262,0.300621,0.205347
2003-11-23 02:16:56,-0.081414,0.003967,1.177328,-0.198097,-0.269603,0.660473,-0.036653,0.385290,0.902230,0.386661
2003-11-23 02:26:56,-0.793941,-0.439389,-0.503698,-0.550220,-0.328002,-0.039363,-0.284230,-0.351226,-0.020246,-0.339930
2003-11-23 02:36:56,1.062814,-0.237740,0.224628,0.662517,-0.388047,0.479117,0.054225,-0.062664,0.472762,-0.396565
2003-11-23 02:46:56,1.395563,0.242503,0.232607,-0.206517,-0.062897,-0.945645,0.308751,-0.158335,-0.429690,0.432971
2003-11-23 02:56:56,-0.180491,-0.529006,0.367629,-0.156660,-0.686258,-0.272031,-0.835684,0.293113,-0.198235,0.582585
2003-11-23 03:06:56,1.416289,0.010402,0.279054,-0.108221,0.023851,-0.881041,0.242427,-0.031110,-0.338458,0.460070
2003-11-23 03:16:56,-1.058501,-0.179338,0.368629,-0.663570,-0.054716,0.317862,0.200738,0.251755,0.221322,0.766645
2003-11-23 03:26:56,-0.252857,-0.640125,-0.362065,0.132579,0.142126,0.238355,-0.240007,0.002265,0.569013,0.498914
2003-11-23 03:36:56,-0.407850,0.151338,1.024030,-0.481052,-0.602715,0.464701,-0.263266,0.288716,0.735446,0.210425
2003-11-23 03:46:56,-0.296039,-0.357319,-0.913885,0.643692,0.115063,0.291492,0.580963,0.201215,-0.167504,0.022776
2003-11-23 03:56:56,-0.112766,0.010212,1.149900,-0.275702,-0.235991,0.686866,-0.113703,0.317565,0.837349,0.310092
2003-11-23 04:06:56,0.350114,-0.758020,0.024825,0.276571,-0.286734,-0.213549,-0.540051,0.358664,-0.422886,0.098449
2003-11-23 04:16:56,-1.162256,0.138607,-0.024741,-0.397422,0.309063,-0.387367,-0.182253,-0.648057,-0.096566,-0.301986
2003-11-23 04:26:56,0.660495,-0.706597,0.156631,0.585621,-0.118833,0.182950,-0.251826,0.291205,0.295442,-0.086457
2003-11-23 04:36:56,-0.073161,-0.564528,-0.691692,0.644249,0.350087,0.309485,0.355403,0.205168,0.222631,0.067078
2003-11-23 04:46:56,-0.419324,0.523684,-0.896243,0.837049,0.193316,-0.401357,0.089178,0.549630,0.071212,0.078283
2003-11-23 04:56:56,-1.113627,0.781196,-0.359729,0.944665,-0.107661,-0.184100,-0.395653,0.049365,0.040028,0.273506
2003-11-23 05:06:56,-0.143421,-0.235504,0.041196,0.148533,0.331062,0.415976,0.810749,-0.139221,-0.175777,0.452298
2003-11-23 05:16:56,-1.014862,0.085520,0.731594,-0.677865,-0.023991,-0.291767,-0.097961,0.069595,-0.537297,-0.063481
2003-11-23 05:26:56,1.401774,1.353072,-0.582479,-0.378705,0.278127,0.542968,-0.381181,0.026445,-0.491787,0.445770
2003-11-23 05:36:56,1.519437,1.432456,-0.373823,-0.569240,0.166864,0.498718,-0.355528,0.164466,-0.184698,0.269830
2003-11-23 05:46:56,0.251635,-0.592416,0.121025,0.169160,-0.361484,-0.058098,-0.421653,0.203646,0.018615,-0.072934
2003-11-23 05:56:56,1.454983,1.042851,-0.403731,-0.128039,0.011509,0.438012,0.064634,-0.438776,-0.048462,0.472440
2003-11-23 06:06:56,-1.469729,1.067832,0.487852,0.514742,0.120727,-0.043878,-0.161485,0.155113,0.028885,0.424461
2003-11-23 06:16:56,-1.543305,0.988703,0.299107,0.253458,0.398821,-0.232008,0.224305,-0.134826,-0.060425,-0.187167
2003-11-23 06:26:56,-1.373753,0.044286,0.177498,-0.638569,-0.253469,0.154385,0.305071,0.052749,0.026313,0.069231
2003-11-23 06:36:56,0.761173,-0.711251,0.322543,0.440779,-0.183032,-0.060841,-0.048850,0.060812,-0.436558,-0.129882
2003-11-23 06:46:56,0.535180,-0.073546,1.278965,-0.005817,-0.042494,0.405927,0.513423,0.033907,-0.093311,-0.168444
2003-11-23 06:56:56,-0.046354,-0.911377,0.319352,-0.089744,0.800707,0.592934,0.373387,-0.149436,-0.170404,0.261772
2003-11-23 07:06:56,-0.100737,-0.293047,1.219374,-0.288935,-0.193012,0.334270,-0.127870,0.470171,0.616935,0.370445
2003-11-23 07:16:56,1.589194,1.302773,-0.420340,-0.392374,0.201964,0.171129,0.199467,0.198487,0.160944,0.017914
2003-11-23 07:26:56,0.866371,-0.453285,0.129129,0.253920,0.218749,-0.179920,-0.120375,0.628360,0.433708,0.320771
2003-11-23 07:36:56,0.192451,-1.022434,-0.393243,0.141225,0.638607,0.273972,-0.093186,-0.261053,0.106686,0.068202
2003-11-23 07:46:56,0.510909,-0.530278,0.387523,0.231218,-0.556986,-0.285398,-0.503686,0.030064,-0.021423,-0.177611
2003-11-23 07:56:56,1.449629,-0.050908,0.086484,-0.149116,0.023085,-0.919741,0.207083,-0.079993,-0.271275,0.147049
2003-11-23 08:06:56,0.307276,-0.215712,0.957228,0.004726,-0.685426,0.257776,0.028543,0.225002,0.255103,0.117865
2003-11-23 08:16:56,-0.220455,-0.550757,0.463111,-0.333098,-0.601990,-0.297489,-0.903400,0.165649,0.028257,0.272421
2003-11-23 08:26:56,-0.029087,-0.363205,0.352414,-0.114754,-0.765012,0.027326,-0.643158,0.295245,0.384012,0.307031
2003-11-23 08:36:56,1.399466,1.406994,-0.544413,-0.544717,0.297979,0.751749,-0.710986,0.339219,-0.521541,0.194641
2003-11-23 08:46:56,-0.523490,-0.380838,1.091707,-0.663969,-0.384896,-0.098669,-0.404636,0.365995,-0.028767,0.134835
2003-11-23 08:56:56,-1.326128,0.787675,-0.306636,0.442584,0.082597,-0.465330,-0.180861,-0.152218,0.047260,-0.070677
2003-11-23 09:06:56,0.825386,0.078362,0.362891,0.391805,-0.312715,0.881636,-0.110936,0.046160,0.393583,-0.197388
2003-11-23 09:16:56,0.376314,-0.767288,-0.490836,-0.225734,0.868003,-0.165354,0.033988,0.032950,0.220589,0.232718
2003-11-23 09:26:56,0.497453,-0.586590,0.993704,0.290739,-0.070906,0.132272,0.268952,0.193696,-0.505464,-0.185844
2003-11-23 09:36:56,0.625526,-0.687432,0.068925,0.101547,0.160301,-0.309217,-0.212255,0.092650,-0.128723,0.275641
2003-11-23 09:46:56,1.119400,-0.125064,0.280487,0.414334,-0.434847,0.393337,0.045549,-0.291853,0.431915,0.110954
2003-11-23 09:56:56,1.100953,0.261204,0.017970,0.585468,-0.381057,0.429241,0.251933,-0.439109,-0.012751,-0.017005
2003-11-23 10:06:56,0.561215,-0.896742,0.226335,0.383473,0.054352,-0.060973,-0.510070,0.308794,-0.055785,0.003392
2003-11-23 10:16:56,-0.049401,-0.042427,-0.568382,0.447972,0.261774,0.043716,0.258416,0.211862,0.236712,0.662303
2003-11-23 10:26:56,-1.481219,0.689299,0.453308,-0.024142,0.530514,-0.330238,0.045134,-0.501039,-0.180659,-0.296222
2003-11-23 10:36:56,1.697939,1.212657,-0.521206,-0.318772,0.129627,0.111638,0.101284,-0.051083,0.222753,-0.115611
2003-11-23 10:46:56,0.860745,-0.604075,0.353007,0.597680,-0.155352,-0.173827,-0.188333,0.112189,-0.318808,-0.373332
2003-11-23 10:56:56,-0.152028,-0.854142,-0.181837,-0.192152,0.332915,0.150417,-0.545687,-0.393466,0.461499,0.199576
2003-11-23 11:06:56,-0.876031,0.096175,-0.362788,0.408818,-0.190299,0.373127,0.653331,0.388584,-0.360183,-0.226814
2003-11-23 11:16:56,-1.018607,0.042944,-0.987305,0.194813,-0.587723,-0.087197,-0.047120,0.125657,0.055375,0.121600
2003-11-23 11:26:56,-1.512215,0.386874,0.053796,-0.223751,-0.369980,0.178110,0.377649,0.313707,0.116443,0.083445
2003-11-23 11:36:56,0.251199,-0.638168,-0.420123,-0.008846,0.375950,0.084922,0.181155,-0.722998,-0.172094,0.012129
2003-11-23 11:46:56,-0.924930,0.149065,-0.313486,0.436023,-0.006185,0.328050,0.810686,0.276794,-0.494560,0.114347
2003-11-23 11:56:56,-0.901670,0.312692,-0.226143,0.671392,0.021772,0.289105,0.603620,0.354163,-0.420951,0.029328
2003-11-23 12:06:56,0.628370,-0.691673,-0.199946,0.085809,0.737428,-0.308488,0.047261,0.232038,0.137985,0.259912
2003-11-23 12:16:56,-0.642432,0.007530,1.286344,-0.366598,-0.013667,-0.409689,-0.539333,0.190653,-0.226352,0.030336
2003-11-23 12:26:56,1.060347,-0.510125,0.126976,0.181838,0.170273,-0.534875,0.153317,0.374021,-0.247902,-0.082672
2003-11-23 12:36:56,-1.006826,-0.364795,0.564020,-0.866759,0.194465,0.175226,-0.130387,-0.220748,0.296422,0.166415
2003-11-23 12:46:56,-0.908215,-0.224451,-0.808837,-0.220933,-0.444405,-0.131910,-0.168513,-0.247026,-0.116436,-0.086865
2003-11-23 12:56:56,-0.105642,-0.888867,0.325396,-0.127393,0.719840,0.561203,0.277600,-0.140124,0.045091,0.031425
2003-11-23 13:06:56,1.126455,-0.320011,0.359006,0.475286,-0.403486,-0.327876,-0.027929,-0.309905,-0.608367,-0.204108
2003-11-23 13:16:56,-1.437294,0.071305,0.147316,-0.586043,-0.209049,0.079083,0.233826,-0.016326,-0.099847,-0.037436
2003-11-23 13:26:56,-0.525567,-0.482182,-0.595654,-0.121858,-0.269463,0.048597,-0.393815,0.029735,0.341032,0.539898
2003-11-23 13:36:56,1.496551,0.533585,0.183423,0.193848,-0.621718,0.068570,0.178457,-0.635905,0.176331,-0.052042
2003-11-23 13:46:56,0.015595,-0.628312,0.153661,-0.127231,-0.695818,-0.309722,-0.957034,0.227896,-0.022765,0.166212
2003-11-23 13:56:56,1.366337,0.465510,0.123533,-0.045396,-0.361207,0.064673,-0.089649,-0.661762,-0.366273,0.164062
2003-11-23 14:06:56,0.131971,-0.983794,-0.399929,0.153056,0.618547,0.261786,-0.067295,-0.242837,0.034620,0.128805
2003-11-23 14:16:56,0.103736,-0.805459,0.555479,0.046154,0.478281,0.426525,0.253187,0.049174,-0.221535,0.096821
2003-11-23 14:26:56,0.892645,0.704466,-0.172774,0.254397,-0.095940,1.045128,-0.278845,-0.207630,-0.500106,-0.112089
2003-11-23 14:36:56,-0.638295,-0.269164,-1.021237,0.304800,-0.352850,0.140511,0.470277,0.157816,-0.269527,-0.218793
2003-11-23 14:46:56,-1.451244,0.212301,-0.107658,-0.464672,-0.475749,0.190762,0.552037,0.313291,0.106425,-0.080994
2003-11-23 14:56:56,0.231220,-0.996202,-0.084483,0.155802,0.270358,0.065066,-0.445564,0.004348,0.041973,-0.000955
2003-11-23 15:06:56,0.840790,0.094657,1.057699,0.274303,-0.586124,0.269581,0.516412,-0.172296,0.014369,-0.095196
2003-11-23 15:16:56,1.533616,1.529297,-0.467428,-0.687443,0.198916,0.654180,-0.552266,0.224035,-0.291564,-0.015309
2003-11-23 15:26:56,1.345845,0.873142,-0.172681,-0.103777,0.195862,0.619781,0.263435,-0.028928,0.017098,0.382536
2003-11-23 15:36:56,-1.290863,-0.144497,0.282921,-0.825773,-0.107172,0.069346,-0.001953,-0.279218,-0.018850,-0.264498
2003-11-23 15:46:56,1.390317,-0.023673,0.063655,-0.247035,0.070514,-0.989715,0.158296,-0.127088,-0.154301,0.367814
2003-11-23 15:56:56,0.098012,-0.787408,-0.473894,0.391924,0.476587,0.371157,0.106975,0.052620,0.257866,0.200008
2003-11-23 16:06:56,0.500475,-0.284776,-0.017336,-0.256264,0.632899,-0.573874,0.202884,0.427053,0.070636,0.575488
2003-11-23 16:16:56,-0.020262,-0.733299,-0.500403,0.503547,0.465287,0.356842,0.284565,0.116058,0.245073,0.214217
2003-11-23 16:26:56,-1.072630,-0.044018,-0.788259,-0.055696,-0.644898,0.090755,0.245030,0.159517,-0.177793,0.473608
2003-11-23 16:36:56,1.019047,1.074484,-0.231884,-0.264946,-0.012674,0.937387,-0.421150,-0.282901,-0.349297,0.191261
2003-11-23 16:46:56,-1.453457,0.054010,0.057653,-0.649019,-0.288629,0.141027,0.420065,0.038183,-0.097229,-0.054432
2003-11-23 16:56:56,-0.812514,-0.107691,-0.015569,0.079485,0.274519,0.559917,1.132493,0.403231,-0.124334,-0.122222
2003-11-23 17:06:56,0.944739,-0.706918,0.346367,0.573974,-0.211380,-0.117805,-0.095475,0.118235,-0.460784,-0.223039
2003-11-23 17:16:56,-1.213496,-0.206335,0.275340,-0.934815,-0.168382,0.142111,0.056216,-0.216938,-0.071897,-0.123516
2003-11-23 17:26:56,0.255341,-0.350654,1.263410,0.074622,0.030441,0.060454,0.447688,0.261626,-0.509453,-0.208252
2003-11-23 17:36:56,0.824178,-0.211997,0.998970,0.203313,-0.268523,-0.029187,0.443927,-0.193512,-0.757209,-0.210924
2003-11-23 20:01:11,0.391988,-1.013057,-0.066102,0.313469,0.362167,0.043207,-0.339600,0.064422,-0.118857,-0.107438
2003-11-23 20:01:24,0.818284,-0.485785,0.654374,0.554508,-0.301738,0.141430,0.137340,0.172305,-0.087723,-0.195809
2003-11-23 20:11:24,-1.216617,-0.189813,0.266285,-0.972158,-0.090164,0.061849,0.042664,-0.295099,-0.047627,-0.285193
2003-11-23 20:21:24,-0.384403,-0.344316,-0.845969,0.615856,0.094683,0.331065,0.629136,0.188001,-0.115195,-0.141067
2003-11-23 20:31:24,1.109766,0.069057,0.335025,0.503649,-0.396118,0.223531,0.219984,-0.462985,-0.097316,-0.220343
2003-11-23 20:41:24,1.464725,1.471639,-0.483937,-0.516002,0.173461,0.546397,-0.378854,0.021488,-0.205130,0.158877
2003-11-23 20:51:24,0.907949,-0.153370,-0.217748,-0.228592,0.333217,-0.711677,0.344080,-0.115089,-0.014795,0.383870
2003-11-23 21:01:24,-0.604585,-0.279201,-1.150009,0.343798,-0.392392,0.126248,0.433067,0.161428,-0.213158,-0.293475
2003-11-23 21:11:24,-0.541959,-0.478730,-0.298675,-0.358304,-0.723364,-0.222535,-0.517624,0.082555,-0.389691,0.067433
2003-11-23 21:21:24,1.572879,1.381201,-0.485073,-0.501800,0.223216,0.483038,-0.321144,0.062535,-0.435774,0.499083
2003-11-23 21:31:24,0.036314,-0.808099,-0.617664,-0.158786,0.371710,-0.003005,-0.356119,-0.126489,0.046678,-0.327821
2003-11-23 21:41:24,0.726205,-0.888293,0.293627,0.504660,-0.022472,-0.046055,-0.376642,0.322478,0.032956,-0.124812
2003-11-23 21:51:24,0.228216,-0.710389,-0.428927,-0.333165,0.395595,-0.481624,-0.188304,0.179959,-0.091567,0.025763
2003-11-23 22:01:24,0.070327,-0.653445,0.324270,-0.108902,0.279200,0.425390,0.522360,-0.334116,-0.246695,-0.335097
2003-11-23 22:11:24,1.614166,1.296580,-0.458043,-0.449808,0.216984,0.149743,0.156171,0.121876,0.163809,-0.125656
2003-11-23 22:21:24,0.992489,-0.307573,0.263335,0.669549,-0.585874,0.225135,-0.033448,0.031570,0.476031,-0.740099
2003-11-23 22:31:24,0.848112,-0.431435,0.379946,0.667424,-0.357048,0.114887,0.037647,0.106423,-0.027674,0.094169
2003-11-23 22:41:24,-0.772942,-0.406669,0.841970,-0.773679,-0.207555,0.035035,-0.365909,0.286220,-0.083064,0.397293
2003-11-23 22:51:24,0.154245,-0.865271,-0.185443,0.067316,-0.067312,-0.065804,-0.502723,0.108965,-0.332836,0.043526
2003-11-23 23:01:24,0.671060,-0.716655,0.336276,0.472390,-0.084941,0.265900,-0.165120,0.381869,0.145640,0.378755
2003-11-23 23:11:24,-1.212161,0.061301,0.313783,-0.759159,0.346552,-0.217090,0.002767,-0.407311,-0.178961,-0.343776
2003-11-23 23:21:24,1.586596,0.609875,0.058925,-0.087786,-0.316143,-0.405477,0.422094,-0.321208,0.537223,0.399359
2003-11-23 23:31:24,1.030507,-0.584658,0.415977,0.557268,-0.370546,-0.010547,-0.103721,0.079899,-0.262040,-0.487076
2003-11-23 23:41:24,-0.882674,0.501610,-0.669257,0.796154,-0.419827,-0.088889,-0.581891,0.173638,0.216978,0.155558
2003-11-23 23:51:24,1.117792,-0.456968,0.236657,0.274956,0.048835,-0.573415,0.072660,0.441398,-0.181006,-0.269911
2003-11-24 00:01:24,-1.305669,0.702834,-0.053678,0.587376,-0.100778,-0.002372,0.080155,0.122668,-0.110910,0.248943
2003-11-24 00:11:24,0.452880,-0.712800,0.645948,0.252236,-0.148241,-0.120163,-0.132450,0.095840,-0.379958,0.049711
2003-11-24 00:21:24,1.195452,0.187959,0.241958,0.248832,-0.621725,-0.394463,0.169563,-0.494580,0.029942,0.180665
2003-11-24 00:31:24,-1.449587,0.178037,-0.118535,-0.507352,-0.513602,0.220355,0.568708,0.334532,0.133341,-0.172650
2003-11-24 00:41:24,1.107439,-0.259298,0.175542,0.392823,-0.041302,-0.329413,0.230064,0.372549,0.214425,0.057183
2003-11-24 00:51:24,0.460134,0.349358,0.905370,-0.052808,-0.630737,1.011986,-0.064654,0.044866,0.446042,0.134090
2003-11-24 01:01:24,-1.556882,0.899461,0.270310,0.186645,0.345763,-0.208836,0.363044,-0.116691,-0.116702,-0.010137
2003-11-24 01:11:24,0.678728,-0.057379,0.372134,0.366968,-0.764509,0.260736,-0.351692,-0.077716,0.729337,-0.076955
2003-11-24 01:21:24,0.759435,-0.677944,0.430946,0.489648,-0.355548,-0.135513,-0.084490,0.158322,-0.503815,-0.333921
2003-11-24 01:31:24,1.001658,-0.150827,-0.306619,-0.442980,0.446267,-0.739395,0.294434,-0.398281,-0.035567,0.486854
2003-11-24 01:41:24,1.600768,1.163348,-0.353740,-0.401967,0.252352,-0.106813,0.223532,0.285089,0.348088,-0.393758
2003-11-24 01:51:24,0.848991,-0.472862,0.330594,0.645300,-0.440610,0.061515,-0.035357,0.074673,0.079096,-0.124672
2003-11-24 02:01:24,0.570542,-0.961638,0.195678,0.466387,0.111988,-0.073586,-0.319338,0.302949,-0.278068,0.155022
2003-11-24 02:11:24,0.588155,-0.558978,0.983872,0.302645,-0.128343,0.134075,0.258493,0.301213,-0.605236,-0.263432
2003-11-24 02:21:24,1.622841,0.845568,-0.226955,-0.224714,-0.121571,-0.315406,0.327670,0.191812,0.445030,-0.318363
2003-11-24 02:31:24,1.032730,-0.227288,0.301498,0.624772,-0.425086,0.458066,0.030836,-0.088033,0.472339,-0.492124
2003-11-24 02:41:24,0.725705,-0.701332,0.243226,0.570748,-0.063041,0.174092,-0.307341,0.336963,0.247484,0.238955
2003-11-24 02:51:24,-0.657211,0.048163,1.140602,-0.482976,-0.422772,-0.071545,-0.274144,0.318886,0.267077,0.201596
2003-11-24 03:01:24,-1.567519,0.725323,0.191071,0.132495,-0.014006,-0.049116,0.353033,0.064640,-0.001672,0.201960
2003-11-24 03:11:24,0.811694,-0.403823,0.395805,0.670505,-0.319603,0.094017,0.034966,0.106373,0.143693,-0.337700
2003-11-24 03:21:24,-1.435607,0.188253,-0.116079,-0.515759,-0.473008,0.229771,0.566361,0.365371,0.026191,0.089292
2003-11-24 03:31:24,0.692554,-0.546344,0.744936,0.377584,-0.244236,0.017460,0.162221,0.262885,-0.616056,-0.258709
2003-11-24 03:41:24,0.144324,-0.625083,0.539216,0.241639,0.406068,0.628478,0.315966,0.276441,0.086619,0.508305
2003-11-24 03:51:24,-0.732772,-0.403296,0.847571,-0.771590,-0.200460,0.030472,-0.341824,0.274786,-0.054676,0.418507
2003-11-24 04:01:24,-0.242381,-0.576635,-0.813327,0.363811,0.233191,0.157258,0.262720,-0.197317,-0.124553,-0.567828
2003-11-24 04:11:24,1.636099,0.475497,0.034507,-0.239541,-0.038201,-0.942668,0.415936,0.364527,0.412858,-0.085907
2003-11-24 04:21:24,1.242296,0.936804,-0.188520,0.051050,-0.180810,0.753335,-0.013983,-0.578197,-0.134675,0.292817
2003-11-24 04:31:24,1.496702,1.664422,-0.422012,-0.786173,0.433494,0.478065,-0.361084,0.602711,-0.116000,-0.393173
2003-11-24 04:41:24,0.889022,-0.439090,0.283949,-0.088749,0.323886,-0.473191,0.007858,0.400180,-0.236854,0.751872
2003-11-24 04:51:24,1.202637,0.706476,-0.459190,-0.025328,0.349283,0.605951,-0.070405,0.787765,0.257384,-0.529935
2003-11-24 05:01:24,1.483629,1.927474,-0.711401,-0.940106,0.703564,0.795465,-0.985836,1.047580,-0.540592,-0.772676
2003-11-24 05:11:24,1.704575,1.393785,-0.317357,-0.791986,0.108088,-0.005704,-0.370602,0.628186,0.423955,-0.764671
2003-11-24 05:21:24,-0.651425,-0.611965,0.869323,-0.733309,0.077841,0.127174,-0.241487,0.177123,0.198873,0.147279
2003-11-24 05:31:24,0.857777,-0.103557,0.028694,0.683373,-0.254488,0.618068,0.070381,-0.044834,0.305394,-0.342152
2003-11-24 05:41:24,0.121096,-0.776727,0.932496,0.078976,0.111042,0.176476,0.015456,0.431918,-0.454426,0.178387
2003-11-24 05:51:24,0.840030,0.302789,0.740316,0.283626,-0.323603,0.614399,0.548670,-0.310368,-0.117021,-0.237238
2003-11-24 06:01:24,1.388921,0.436735,-0.063405,-0.019662,-0.019130,0.270084,0.097587,0.792220,0.642387,-0.632812
2003-11-24 06:11:24,0.095960,0.761748,0.857063,-0.318168,-0.184892,1.262974,-0.141115,0.108604,0.248091,0.050059
2003-11-24 06:21:24,0.952006,-0.184254,0.341512,0.626120,-0.574079,0.479430,0.029786,-0.000560,0.330574,0.021826
2003-11-24 06:31:24,-1.571198,0.504428,0.034800,-0.140871,-0.164514,0.004223,0.470671,0.114706,-0.005347,0.009101
2003-11-24 06:41:24,-0.247245,-0.405939,1.137258,-0.627985,-0.353509,-0.078113,0.014392,-0.051959,-0.013279,-0.320987
2003-11-24 06:51:24,-0.096043,-0.525970,-0.037053,-0.121311,-0.989492,-0.357945,-0.706939,0.312383,-0.020164,0.082009
2003-11-24 07:01:24,0.102579,-1.016171,-0.319683,0.011649,0.527069,0.256133,-0.247924,-0.313729,0.242952,-0.037455
2003-11-24 08:01:24,-0.461686,-0.112612,1.055292,-0.481493,-0.608850,0.118131,-0.268413,0.418326,0.435266,0.290915
2003-11-24 08:11:24,-1.287743,0.502943,0.643516,-0.328544,0.780877,-0.387646,-0.128386,-0.665119,-0.247417,-0.196885
2003-11-24 08:21:24,1.587995,1.332087,-0.377328,-0.489296,0.212846,0.269531,0.109328,0.282346,0.143476,-0.322701
2003-11-24 08:31:24,0.112339,-0.956881,-0.340333,0.139463,0.630451,0.267106,-0.125233,-0.314365,-0.002303,0.170413
2003-11-24 08:41:24,-1.311568,0.012378,0.263078,-0.781639,0.139179,-0.040796,0.249024,-0.317469,-0.172813,-0.296937
2003-11-24 08:51:24,-0.968003,0.778260,-0.482320,1.034395,-0.129421,-0.236302,-0.674228,-0.034036,0.037221,0.367562
2003-11-24 09:01:24,1.467935,1.351700,-0.561807,-0.403828,0.244748,0.506238,-0.330757,-0.023854,-0.338111,0.325065
2003-11-24 09:11:24,1.620292,0.964230,-0.152823,-0.211721,-0.323268,-0.121231,0.182726,-0.335812,0.522369,0.150288
2003-11-24 09:21:24,1.231605,1.685357,-0.276836,-0.704602,0.511805,0.918190,-0.411246,0.380224,-0.759969,0.259683
2003-11-24 10:02:30,0.849707,-0.417029,0.026003,0.286824,-0.007607,-0.126462,0.164052,-0.703717,-0.306272,-0.275528
2003-11-24 10:11:24,-1.315303,-0.124598,0.327859,-0.836463,-0.036881,0.039552,0.016751,-0.300750,-0.098574,-0.125205
2003-11-24 10:21:24,-0.723179,-0.498252,-0.698544,-0.425666,-0.352930,-0.113445,-0.416741,-0.430888,-0.116712,-0.050875
2003-11-24 10:31:24,-1.500462,1.275513,0.520897,0.726525,0.514621,-0.249777,-0.072655,-0.025456,0.042381,0.083426
2003-11-24 10:41:24,1.213823,0.579161,-0.308755,0.174663,0.201000,0.776439,-0.089603,0.309250,0.141840,-0.064670
2003-11-24 10:51:24,-1.199253,-0.209410,0.244070,-0.978552,-0.090283,0.080155,0.048379,-0.215785,-0.122891,-0.110549
2003-11-24 12:53:55,-0.917914,0.118641,-0.903085,0.240202,-0.572080,-0.010399,-0.117885,0.149888,0.030295,0.223742
2003-11-24 12:57:32,-0.862560,-0.059839,-0.730097,-0.059478,-0.226926,-0.239358,-0.296998,-0.476806,-0.165156,-0.155044
2003-11-24 13:07:32,0.086528,-0.391009,0.692425,0.102441,-0.285163,0.299318,-0.007004,0.415696,-0.113269,0.291908
2003-11-24 13:17:32,1.501269,1.283085,-0.407518,-0.323673,0.098621,0.454344,-0.001176,-0.219072,-0.220476,0.695992
2003-11-24 13:27:32,-0.565589,-0.607873,-0.477860,-0.405410,-0.487385,-0.298830,-0.572943,-0.286243,-0.191290,-0.293806
2003-11-24 13:37:32,1.062551,0.679392,-0.053568,0.364724,-0.223648,1.017050,-0.014951,-0.433747,-0.281488,0.010784
2003-11-24 13:47:32,1.158664,0.405386,0.133338,0.351795,-0.561448,0.590794,-0.074434,-0.466700,0.102372,-0.004847
2003-11-24 13:57:32,-1.305316,0.240610,0.535291,-0.618269,0.508375,-0.199899,-0.017838,-0.627033,-0.316691,-0.190293
2003-11-24 14:07:32,1.428463,1.515680,-0.576133,-0.511247,0.291320,0.639089,-0.582999,0.134007,-0.403447,0.172345
2003-11-24 14:17:32,-0.568201,-0.336287,0.978423,-0.476861,-0.236375,-0.022326,0.033083,0.382800,-0.309776,0.075576
2003-11-24 14:27:32,-0.658839,-0.151708,-1.113538,0.416555,-0.324459,0.084321,0.377633,0.257988,-0.218967,-0.142786
2003-11-24 14:37:32,-0.332140,0.370896,-1.204811,0.089013,0.388968,-0.615069,0.549462,0.686908,0.111467,-0.792755
2003-11-24 14:47:32,-0.492330,-0.188440,1.002493,-0.592280,-0.463697,0.142215,-0.304049,0.322663,0.492877,0.226094
2003-11-24 14:57:32,1.286258,0.694194,0.294451,-0.108418,0.013553,0.002990,0.621724,-0.110363,0.333637,0.463287
2003-11-24 15:07:32,-0.997068,-0.338744,-0.070236,-0.649161,-0.199471,0.180195,0.039308,-0.242561,-0.287902,-0.010635
2003-11-24 15:17:32,1.490797,0.929137,-0.197315,-0.198604,0.117517,-0.453638,0.422035,0.022645,0.517048,-0.170238
2003-11-24 15:27:32,-0.506397,-0.611836,-0.248739,-0.455013,0.015007,-0.043968,-0.680256,-0.449206,0.314349,0.057044
2003-11-24 15:37:32,-1.356797,0.236797,0.190892,-0.467784,-0.064903,0.094284,0.292624,-0.041797,-0.070854,0.223361
2003-11-24 15:47:32,1.436239,0.986038,-0.082976,-0.611061,0.044723,-0.007585,-0.300322,0.052307,-0.401077,0.090833
2003-11-24 15:57:32,0.913821,-0.332144,0.317822,0.373611,-0.423867,0.057570,0.060989,-0.183696,0.089670,0.313956
2003-11-24 16:07:32,0.157703,-0.376664,-0.778509,0.378130,0.614590,-0.020217,0.522048,0.497739,0.382978,0.292258
2003-11-24 16:17:32,1.462167,1.544765,-0.527462,-0.739425,0.412522,0.450507,-0.297316,0.335866,-0.156342,-0.002615
2003-11-24 16:27:32,1.135713,-0.032472,0.173041,0.412223,-0.114782,-0.081106,0.256159,0.264854,0.411034,-0.207686
2003-11-24 16:37:32,0.010055,-0.046457,1.521859,-0.161256,-0.332163,-0.101525,-0.039730,0.153304,0.154747,-0.228847
2003-11-24 16:47:32,-0.391601,-0.625866,-0.724717,-0.046917,0.057589,0.057932,-0.041434,-0.380504,-0.510048,-0.118067
2003-11-24 16:57:32,-1.273604,-0.192049,-0.034050,-0.657048,-0.232571,0.116570,0.224099,-0.172544,-0.176219,-0.104497
2003-11-24 17:07:32,-0.316453,-0.708662,0.616725,-0.374233,0.884409,0.537903,0.415601,-0.109824,0.015107,0.169247
2003-11-24 17:17:32,0.833033,-0.681953,0.102289,0.273437,0.371306,-0.449594,-0.170294,0.617321,-0.056828,0.172895
2003-11-24 17:27:32,0.370641,-0.971545,-0.039699,0.239904,0.265288,0.088295,-0.304862,0.140587,-0.273144,0.236587
2003-11-24 17:37:32,-1.418864,0.401887,0.019276,-0.225717,-0.454420,0.206812,0.362122,0.443107,0.058170,0.159025
2003-11-24 17:47:32,1.096077,-0.352945,0.356491,0.586155,-0.454106,0.270405,-0.094245,-0.006709,0.229311,-0.589591
2003-11-24 17:57:32,-1.447798,0.399824,0.040755,-0.384171,-0.140084,0.069243,0.587686,0.169070,-0.097250,-0.049260
2003-11-24 18:07:32,0.592708,-0.599580,0.499768,-0.000045,0.365649,-0.321544,0.072775,0.727662,-0.328056,0.487596
2003-11-24 18:17:32,0.776015,-0.302123,0.993319,0.215175,-0.255533,-0.003828,0.456305,-0.031760,-0.774730,-0.087947
2003-11-24 18:27:32,-1.107273,0.238214,-0.745542,0.249333,-0.341933,-0.160327,0.025574,-0.057340,-0.095219,0.330075
2003-11-24 18:37:32,-1.170502,-0.271697,-0.588762,-0.622356,-0.372624,-0.138163,0.061071,-0.168689,0.066474,-0.080713
2003-11-24 18:47:32,1.199950,0.878186,-0.277911,0.039280,-0.245831,0.689977,-0.122357,-0.687070,-0.127816,0.219560
2003-11-24 18:57:32,1.522945,1.065059,-0.185336,-0.254732,0.095144,0.261260,0.282122,-0.234240,-0.031262,0.508953
2003-11-24 19:07:32,1.317393,0.401095,0.160135,0.253179,-0.651534,0.022779,0.208299,-0.665646,0.378833,0.053790
2003-11-24 19:17:32,-0.942858,0.126171,-0.938183,0.222140,-0.457163,-0.169446,-0.033295,-0.089948,0.046616,-0.114269
2003-11-24 19:27:32,0.136690,-0.934027,-0.401925,0.187670,0.664179,0.232498,-0.118330,-0.255153,0.092681,0.062441
2003-11-24 19:37:32,-1.066132,1.373067,0.844431,0.482025,0.547598,0.178650,-0.497166,-0.155283,-0.101131,0.065952
2003-11-24 19:47:32,1.354783,0.724293,0.120615,0.109940,-0.418980,0.276375,0.075021,-0.717810,-0.020673,0.448485
2003-11-24 19:57:32,1.021325,1.115225,0.391990,-0.149433,-0.074991,1.008878,0.415552,-0.468548,-0.409220,0.507965
2003-11-24 20:07:32,1.576333,1.004018,-0.216738,-0.125725,-0.110655,0.114797,0.183432,-0.393696,0.190373,0.244910
2003-11-24 20:17:32,0.193288,-1.044826,-0.313624,0.083776,0.630164,0.268537,-0.178699,-0.350184,0.154913,-0.111323
2003-11-24 20:27:32,-0.204864,-0.766647,-0.230741,-0.134511,0.397962,0.042800,-0.509154,-0.426224,0.488939,0.045522
2003-11-24 20:37:32,-0.657553,-0.175444,-1.053751,0.436583,-0.260953,0.086413,0.429165,0.151477,-0.289290,-0.118150
2003-11-24 20:47:32,0.604864,-0.638337,0.008789,0.424246,0.046391,-0.002890,0.082767,-0.287757,-0.229879,-0.314669
2003-11-24 20:57:32,-0.457204,-0.541779,1.192815,-0.538733,0.082370,-0.039290,-0.350658,0.271144,0.095790,0.214018
2003-11-24 21:07:32,0.718976,-0.447303,0.416860,0.488304,-0.564309,0.091232,-0.219794,0.130266,0.355450,-0.101963
2003-11-24 21:17:32,-1.173644,0.116309,-0.721570,-0.128301,-0.574831,-0.157777,0.014485,0.130164,0.427440,-0.431005
2003-11-24 21:27:32,1.549888,1.504339,-0.697809,-0.793809,0.547516,0.328754,-0.460654,0.745636,-0.218355,-0.262924
2003-11-24 21:37:32,1.482226,0.476861,0.160800,-0.149001,-0.222890,-0.669259,0.307373,-0.240546,-0.068840,0.401316
2003-11-24 21:47:32,1.269161,0.469268,0.032928,0.273561,-0.359714,0.131948,0.208061,-0.568998,0.123581,0.242573
2003-11-24 21:57:32,1.605395,1.261134,-0.348847,-0.358639,-0.102113,0.310620,-0.167018,-0.163528,0.025290,0.192534
2003-11-24 22:07:32,0.962022,-0.113048,-0.026977,0.264854,-0.301606,-0.008941,0.094121,0.294440,0.189203,-0.175929
2003-11-24 22:17:32,0.823863,-0.495057,-0.100642,0.005408,0.281370,-0.376039,0.227776,0.017768,-0.044647,-0.179399
2003-11-24 22:27:32,1.439166,0.665357,-0.188557,-0.053336,-0.177901,-0.255735,0.388281,-0.327197,0.472106,0.107273
2003-11-24 22:37:32,-0.894336,-0.198557,0.667576,-0.766365,-0.579056,-0.159464,0.003360,0.289181,-0.529568,0.132680
2003-11-24 22:47:32,1.096392,0.213034,0.101655,0.505513,-0.435683,0.453880,0.199873,-0.456463,0.020741,-0.094282
2003-11-24 22:57:32,0.187399,-1.030357,-0.401239,0.088169,0.625230,0.261224,-0.113421,-0.247712,0.014488,0.149864
2003-11-24 23:07:32,-1.609360,1.023697,0.210423,0.424270,0.457567,-0.407719,0.308251,-0.046607,-0.080716,0.065329
2003-11-24 23:17:32,0.607898,-0.115323,0.665717,-0.008923,-0.755756,-0.395104,-0.355977,-0.348909,-0.101872,-0.263762
2003-11-24 23:27:32,0.150092,-0.977007,-0.409805,0.100622,0.566509,0.223331,-0.165126,-0.311713,0.070019,-0.110648
2003-11-24 23:37:32,0.105197,-0.980451,-0.206790,0.097467,0.669024,0.303917,-0.055182,-0.288900,-0.013150,0.172986
2003-11-24 23:47:32,-1.566957,0.352979,-0.018034,-0.278829,-0.329081,0.049583,0.511367,0.210748,0.050163,-0.044195
2003-11-24 23:57:32,0.339249,-0.870511,0.242241,0.208235,0.025237,-0.071489,-0.227357,0.210528,-0.275453,-0.174963
2003-11-25 10:47:32,-0.633456,-0.030104,-0.963025,0.566681,-0.291432,0.077810,0.276633,0.246838,-0.328361,0.063916
2003-11-25 10:57:32,-0.222068,-0.521840,-0.398916,-0.063684,-0.247330,-0.110118,-0.042534,-0.101062,-0.434168,-0.353598
2003-11-25 11:07:32,-0.832444,-0.157691,-1.041268,0.178567,-0.586892,0.077175,0.186158,0.148564,-0.076766,0.013202
2003-11-25 11:17:32,-0.671796,0.001969,-0.895212,0.617667,-0.240012,0.107417,0.322963,0.308182,-0.381987,0.182224
2003-11-25 11:27:32,0.606137,-0.698684,-0.170585,-0.045422,0.654244,-0.290263,0.053087,0.207883,0.035738,0.271074
2003-11-25 11:37:32,0.955491,-0.463874,0.176078,0.091327,0.073757,-0.524671,0.044303,0.383812,-0.346996,0.222341
2003-11-25 11:47:32,-0.474057,-0.251590,1.170369,-0.589816,-0.357027,-0.156333,-0.435902,0.448577,-0.170778,0.360361
2003-11-25 11:57:32,1.125880,-0.216574,0.135600,-0.246216,0.308761,-0.749406,0.223040,-0.023496,-0.221579,0.313568
2003-11-25 12:07:32,1.566728,0.639148,0.100093,-0.034910,-0.275040,-0.363782,0.392558,-0.244198,0.449702,0.378520
2003-11-25 12:17:32,0.049819,-0.259178,1.344379,-0.290480,-0.229830,-0.033069,-0.105032,0.332636,-0.003186,-0.041787
2003-11-25 12:27:32,-0.720833,-0.126076,-1.030101,0.297071,-0.429354,0.055185,0.248379,0.180319,-0.109451,-0.081881
2003-11-25 12:37:32,0.032204,-0.574484,0.766163,-0.071267,-0.194510,0.079869,-0.073516,0.475764,-0.671079,0.342125
2003-11-25 12:47:32,-1.046372,-0.287109,0.360041,-0.829248,0.086665,0.150444,0.073866,-0.087432,0.054774,0.369401
2003-11-25 12:57:32,-1.575013,0.997469,0.290261,0.380841,0.410002,-0.225805,0.288556,-0.064350,-0.118260,0.147909
2003-11-25 13:07:32,-1.421243,0.314708,-0.013497,-0.386941,-0.337055,0.159413,0.525129,0.277920,-0.027999,0.155770
2003-11-25 13:17:32,-1.510732,1.014103,0.361683,0.380709,0.398199,-0.214946,0.217267,-0.111903,-0.036097,0.038050
2003-11-25 13:27:32,-1.145126,0.490332,0.291223,-0.064297,0.659003,-0.377760,-0.269997,-0.712501,-0.232236,0.011478
2003-11-25 13:37:32,1.467930,1.048756,-0.284407,-0.110928,-0.100497,0.139398,0.196026,-0.360853,0.116226,0.406566
2003-11-25 13:47:32,-0.887307,-0.168959,0.550867,-0.769829,-0.428437,-0.057930,-0.169552,0.251647,-0.302854,-0.101574
2003-11-25 13:57:32,1.407343,0.291033,0.066675,0.172596,-0.308029,-0.601231,0.421378,-0.055585,0.205544,0.040785
2003-11-25 14:07:32,0.610175,-0.176808,0.894301,0.332432,-0.285980,0.431728,0.384540,0.250532,-0.172225,-0.113136
2003-11-25 14:17:32,0.839931,-0.489529,0.180034,-0.135848,0.255336,-0.557092,-0.100320,0.827015,-0.024095,-0.239578
2003-11-25 14:27:32,0.786737,-0.638213,0.238970,0.103244,0.388574,-0.383645,-0.136219,0.655663,-0.298889,0.618801
2003-11-25 14:37:32,-0.321067,-0.385079,0.710768,-0.525783,-0.466512,-0.223633,-0.608333,0.344767,-0.243688,0.624224
2003-11-25 14:47:32,1.456436,0.776997,-0.120586,-0.310539,-0.059063,-0.087985,0.147699,-0.329830,0.078398,0.456209
2003-11-25 14:57:32,-1.028442,-0.119357,0.392405,-0.571854,-0.010839,0.277941,0.069007,0.116623,0.400782,0.321432
2003-11-25 15:07:32,-1.102215,1.413442,0.672005,0.656003,0.740025,-0.132476,-0.310564,-0.005261,-0.135776,0.227837
2003-11-25 15:17:32,-1.198799,0.428998,-0.417104,-0.018341,0.133147,-0.418466,0.031531,-0.301102,-0.078787,0.026932
2003-11-25 15:27:32,-0.751172,-0.392133,0.241266,-0.707869,0.181013,0.006454,-0.454726,-0.375123,0.196119,0.413255
2003-11-25 15:37:32,1.460570,0.515921,0.233600,-0.041127,-0.429939,-0.343295,0.003080,-0.206212,0.107040,0.260043
2003-11-25 15:47:32,-0.105617,-0.131658,-0.991846,0.248407,0.364583,-0.112790,0.800505,0.516233,-0.081436,0.363054
2003-11-25 15:57:32,1.270067,0.139910,0.186458,0.373715,-0.344728,0.182652,0.242545,-0.032996,0.350393,0.187946
2003-11-25 16:07:32,-0.563860,-0.124056,1.098692,-0.449358,-0.290150,-0.196483,-0.481943,0.370369,-0.187756,0.333060
2003-11-25 23:13:21,0.485958,-0.734161,0.399902,0.295021,0.118575,0.054607,-0.151337,0.378783,-0.380316,0.161487
2003-11-25 23:19:56,0.976690,0.090174,0.176520,0.248703,-0.077567,0.045193,0.104577,0.265880,0.575865,0.092307
2003-11-25 23:29:56,-0.581921,-0.418148,-0.115504,-0.623398,0.083570,-0.063258,-0.518889,-0.267069,0.291003,0.311487
2003-11-25 23:39:56,0.582701,-0.123832,0.069502,0.578263,-0.058389,0.157450,0.004208,-0.005901,-0.093220,-0.125714
